2026-03-15T08:06:02.463172Z,26528,5,10,0,0,100
2026-03-15T08:06:03.553594Z,26528,5,30,0,0,100
2026-03-15T08:06:04.445970Z,26528,5,60,0,0,100
2026-03-15T08:06:05.452633Z,26528,6,00,0,0,100
2026-03-15T08:06:06.522903Z,26528,6,50,0,0,100
2026-03-15T08:06:07.458033Z,26528,7,10,0,0,100
2026-03-15T08:06:08.478013Z,26528,7,80,1,0,100
2026-03-15T08:06:09.594663Z,26528,8,40,1,0,99
2026-03-15T08:06:10.516706Z,26528,8,90,2,0,99
2026-03-15T08:06:11.540038Z,26528,9,20,2,0,98
2026-03-15T08:06:12.534345Z,26528,9,30,2,0,97
2026-03-15T08:06:13.588285Z,26528,9,20,2,0,96
2026-03-15T08:06:14.539130Z,26528,8,90,2,0,96
2026-03-15T08:06:15.533351Z,26528,8,40,1,0,95
2026-03-15T08:06:16.478827Z,26528,7,80,1,0,94
2026-03-15T08:06:17.580699Z,26528,7,10,1,0,94
2026-03-15T08:06:18.484939Z,26528,6,30,0,0,93
2026-03-15T08:06:24.778693Z,26528,5,60,0,0,94
2026-03-15T08:06:24.843347Z,26528,5,00,0,0,94
2026-03-15T08:06:24.848237Z,26528,4,50,0,0,94
2026-03-15T08:06:24.852246Z,26528,4,10,0,0,94
2026-03-15T08:06:24.853004Z,26528,3,80,0,0,94
2026-03-15T08:06:24.853480Z,26528,3,60,0,0,94
2026-03-15T08:06:25.500544Z,26528,3,50,0,0,94
2026-03-15T08:06:26.502667Z,26528,3,50,0,0,94
2026-03-15T08:06:27.505667Z,26528,3,60,0,0,94
2026-03-15T08:06:28.511212Z,26528,3,80,0,0,94
2026-03-15T08:06:29.668343Z,26528,4,10,0,0,95
2026-03-15T08:06:30.584047Z,26528,4,50,0,0,95
2026-03-15T08:06:31.612681Z,26528,5,00,0,0,95
2026-03-15T08:06:32.521918Z,26528,5,60,0,0,95
2026-03-15T08:06:33.524538Z,26528,6,30,0,0,95
2026-03-15T08:06:34.529117Z,26528,7,05,0,0,95
2026-03-15T08:06:35.604822Z,26528,7,80,1,0,95
2026-03-15T08:06:36.534597Z,26528,8,45,1,0,95
2026-03-15T08:06:37.660683Z,26528,9,00,2,0,94
2026-03-15T08:06:38.677691Z,26528,9,34,2,0,94
2026-03-15T08:06:39.596465Z,26528,9,50,2,0,93
2026-03-15T08:06:40.544610Z,26528,9,45,2,0,92
2026-03-15T08:06:41.644779Z,26528,9,20,2,0,91
2026-03-15T08:06:42.550918Z,26528,8,74,2,0,90
2026-03-15T08:06:43.694287Z,26528,8,09,1,0,90
2026-03-15T08:06:44.555544Z,26528,7,34,1,0,89
2026-03-15T08:06:45.636893Z,26528,6,50,0,0,89
2026-03-15T08:06:46.561259Z,26528,5,74,0,0,89
2026-03-15T08:06:47.565721Z,26528,5,09,0,0,89
2026-03-15T08:06:48.609124Z,26528,4,54,0,0,89
2026-03-15T08:06:49.574125Z,26528,4,09,0,0,89
2026-03-15T08:06:50.656827Z,26528,3,74,0,0,89
2026-03-15T08:06:51.679256Z,26528,3,49,0,0,89
2026-03-15T08:06:52.706Z,26528,3,34,0,0,89
2026-03-15T08:06:53.728026Z,26528,3,29,0,0,90
2026-03-15T08:06:54.650184Z,26528,3,34,0,0,90
2026-03-15T08:06:55.679121Z,26528,3,49,0,0,90
2026-03-15T08:06:56.595762Z,26528,3,74,0,0,90
2026-03-15T08:06:57.722336Z,26528,4,09,0,0,90
2026-03-15T08:06:58.745316Z,26528,4,54,0,0,90
2026-03-15T08:06:59.667976Z,26528,5,09,0,0,90
2026-03-15T08:07:00.689839Z,26528,5,74,0,0,90
2026-03-15T08:07:01.715886Z,26528,6,49,0,0,90
2026-03-15T08:07:02.611076Z,26528,7,34,0,0,90
2026-03-15T08:07:03.762534Z,26528,8,26,1,0,91
2026-03-15T08:07:04.687375Z,26528,9,08,2,0,90
2026-03-15T08:07:05.712252Z,26528,9,70,2,0,89
2026-03-15T08:07:06.735234Z,26528,10,13,2,0,89
2026-03-15T08:07:07.759039Z,26528,10,34,2,0,88
2026-03-15T08:07:08.688065Z,26528,10,37,2,0,87
2026-03-15T08:07:09.703273Z,26528,10,19,2,0,86
2026-03-15T08:07:10.727333Z,26528,9,81,2,0,85
2026-03-15T08:07:11.751268Z,26528,9,23,2,0,85
2026-03-15T08:07:12.740887Z,26528,8,45,1,0,84
2026-03-15T08:07:13.695459Z,26528,7,57,1,0,83
2026-03-15T08:07:14.721021Z,26528,6,60,1,0,83
2026-03-15T08:07:15.743045Z,26528,5,52,0,0,83
2026-03-15T08:07:16.645259Z,26528,4,54,0,0,83
2026-03-15T08:07:17.706881Z,26528,3,66,0,0,83
2026-03-15T08:07:18.807574Z,26528,2,88,0,1,83
2026-03-15T08:07:19.693218Z,26528,2,21,0,1,82
2026-03-15T08:07:20.761874Z,26528,1,63,0,2,81
2026-03-15T08:07:21.817219Z,26528,1,25,0,2,80
2026-03-15T08:07:22.658500Z,26528,1,07,0,2,78
2026-03-15T08:07:23.661036Z,26528,1,09,0,2,76
2026-03-15T08:07:24.754612Z,26528,1,31,0,2,75
2026-03-15T08:07:25.667269Z,26528,1,74,0,2,73
2026-03-15T08:07:26.833461Z,26528,2,36,0,1,72
2026-03-15T08:07:27.668416Z,26528,3,08,0,1,71
2026-03-15T08:07:28.749956Z,26528,3,90,0,1,70
2026-03-15T08:07:29.675017Z,26528,4,82,0,0,69
2026-03-15T08:07:30.795558Z,26528,5,64,0,0,69
2026-03-15T08:07:31.678235Z,26528,6,37,0,0,69
2026-03-15T08:07:32.681099Z,26528,6,99,0,0,70
2026-03-15T08:07:33.771026Z,26528,7,51,1,0,70
2026-03-15T08:07:34.790799Z,26528,7,93,1,0,69
2026-03-15T08:07:35.814737Z,26528,8,25,1,0,69
2026-03-15T08:07:36.691184Z,26528,8,48,1,0,68
2026-03-15T08:07:37.761932Z,26528,8,59,2,0,68
2026-03-15T08:07:38.785682Z,26528,8,52,2,0,67
2026-03-15T08:07:39.699928Z,26528,8,24,1,0,66
2026-03-15T08:07:40.844615Z,26528,7,86,1,0,66
2026-03-15T08:07:41.705877Z,26528,7,38,1,0,66
2026-03-15T08:07:42.706981Z,26528,6,80,1,0,65
2026-03-15T08:07:43.802694Z,26528,6,13,0,0,65
2026-03-15T08:07:44.824476Z,26528,5,35,0,0,65
2026-03-15T08:07:45.746033Z,26528,4,47,0,0,65
2026-03-15T08:07:46.771579Z,26528,3,49,0,0,65
2026-03-15T08:07:47.794750Z,26528,2,41,0,1,65
2026-03-15T08:07:48.722283Z,26528,1,43,0,2,64
2026-03-15T08:07:49.723801Z,26528,0,66,0,2,63
2026-03-15T08:07:50.865727Z,26528,0,08,0,2,61
2026-03-15T08:07:51.727486Z,26528,-0,30,0,2,60
2026-03-15T08:07:52.731710Z,26528,-0,48,0,2,58
2026-03-15T08:07:53.733714Z,26528,-0,46,0,2,56
2026-03-15T08:07:54.735960Z,26528,-0,24,0,2,55
2026-03-15T08:07:55.757225Z,26528,0,19,0,2,53
2026-03-15T08:07:56.739183Z,26528,0,81,0,2,52
2026-03-15T08:07:57.800958Z,26528,1,63,0,2,50
2026-03-15T08:07:58.742864Z,26528,2,65,0,1,48
2026-03-15T08:07:59.807336Z,26528,3,77,0,1,48
2026-03-15T08:08:00.801867Z,26528,5,00,0,0,47
2026-03-15T08:08:01.756057Z,26528,6,12,0,0,47
2026-03-15T08:08:02.753Z,26528,7,14,0,0,47
2026-03-15T08:08:03.873244Z,26528,8,06,1,0,47
2026-03-15T08:08:04.785585Z,26528,8,88,2,0,47
2026-03-15T08:08:05.817999Z,26528,9,50,2,0,46
2026-03-15T08:08:06.841646Z,26528,9,92,2,0,45
2026-03-15T08:08:07.866154Z,26528,10,15,2,0,44
2026-03-15T08:08:08.889990Z,26528,10,17,2,0,44
2026-03-15T08:08:09.810877Z,26528,9,99,2,0,43
2026-03-15T08:08:10.770565Z,26528,9,61,2,0,42
2026-03-15T08:08:11.774160Z,26528,9,03,2,0,41
2026-03-15T08:08:12.774378Z,26528,8,26,1,0,40
2026-03-15T08:08:13.906924Z,26528,7,38,1,0,40
2026-03-15T08:08:14.931507Z,26528,6,40,0,0,40
2026-03-15T08:08:15.852944Z,26528,5,52,0,0,40
2026-03-15T08:08:16.784148Z,26528,4,74,0,0,40
2026-03-15T08:08:17.789638Z,26528,4,06,0,0,40
2026-03-15T08:08:18.924272Z,26528,3,48,0,0,40
2026-03-15T08:08:19.845049Z,26528,3,01,0,0,40
2026-03-15T08:08:20.871175Z,26528,2,63,0,1,40
2026-03-15T08:08:21.894874Z,26528,2,35,0,1,39
2026-03-15T08:08:22.814577Z,26528,2,17,0,1,39
2026-03-15T08:08:23.942568Z,26528,2,09,0,1,38
2026-03-15T08:08:24.873611Z,26528,2,12,0,1,37
2026-03-15T08:08:25.887187Z,26528,2,24,0,1,36
2026-03-15T08:08:26.923587Z,26528,2,46,0,1,35
2026-03-15T08:08:27.936516Z,26528,2,78,0,1,35
2026-03-15T08:08:28.857031Z,26528,3,20,0,1,34
2026-03-15T08:08:29.826470Z,26528,3,72,0,1,33
2026-03-15T08:08:30.906105Z,26528,4,35,0,0,32
2026-03-15T08:08:31.831768Z,26528,4,87,0,0,32
2026-03-15T08:08:32.955217Z,26528,5,29,0,0,32
2026-03-15T08:08:33.977710Z,26528,5,61,0,0,32
2026-03-15T08:08:34.843984Z,26528,5,83,0,0,33
2026-03-15T08:08:35.923255Z,26528,5,95,0,0,33
2026-03-15T08:08:36.845013Z,26528,5,98,0,0,33
2026-03-15T08:08:37.847884Z,26528,5,90,0,0,33
2026-03-15T08:08:38.994301Z,26528,5,72,0,0,33
2026-03-15T08:08:39.919684Z,26528,5,44,0,0,33
2026-03-15T08:08:40.853655Z,26528,5,06,0,0,33
2026-03-15T08:08:42.066259Z,26528,4,59,0,0,33
2026-03-15T08:08:42.990217Z,26528,4,01,0,0,33
2026-03-15T08:08:44.014419Z,26528,3,33,0,0,33
2026-03-15T08:08:44.943668Z,26528,2,55,0,1,34
2026-03-15T08:08:45.926920Z,26528,1,87,0,2,33
2026-03-15T08:08:46.878909Z,26528,1,39,0,2,31
2026-03-15T08:08:47.903970Z,26528,1,11,0,2,30
2026-03-15T08:08:48.927387Z,26528,1,04,0,2,28
2026-03-15T08:08:49.882Z,26528,1,16,0,2,26
2026-03-15T08:08:50.978010Z,26528,1,48,0,2,25
2026-03-15T08:08:51.887129Z,26528,2,00,0,1,23
2026-03-15T08:08:52.889460Z,26528,2,62,0,1,22
2026-03-15T08:08:53.951072Z,26528,3,35,0,1,22
2026-03-15T08:08:54.970019Z,26528,4,17,0,0,21
2026-03-15T08:08:55.994418Z,26528,4,89,0,0,21
2026-03-15T08:08:56.903723Z,26528,5,51,0,0,21
2026-03-15T08:08:57.939322Z,26528,6,03,0,0,21
2026-03-15T08:08:58.907666Z,26528,6,45,0,0,21
2026-03-15T08:08:59.986215Z,26528,6,77,0,0,21
2026-03-15T08:09:00.914527Z,26528,7,00,0,0,21
2026-03-15T08:09:02.033788Z,26528,7,12,0,0,21
2026-03-15T08:09:03.057802Z,26528,7,14,0,0,22
2026-03-15T08:09:03.980557Z,26528,7,06,0,0,22
2026-03-15T08:09:04.928717Z,26528,6,88,0,0,22
2026-03-15T08:09:05.933256Z,26528,6,61,0,0,22
2026-03-15T08:09:07.053422Z,26528,6,23,0,0,22
2026-03-15T08:09:08.076758Z,26528,5,75,0,0,22
2026-03-15T08:09:08.998145Z,26528,5,17,0,0,22
2026-03-15T08:09:10.022383Z,26528,4,49,0,0,22
2026-03-15T08:09:10.950187Z,26528,3,71,0,0,22
2026-03-15T08:09:11.952925Z,26528,2,84,0,1,22
2026-03-15T08:09:12.992797Z,26528,2,06,0,1,22
2026-03-15T08:09:13.957577Z,26528,1,38,0,2,21
2026-03-15T08:09:15.043098Z,26528,0,90,0,2,19
2026-03-15T08:09:15.965154Z,26528,0,62,0,2,18
2026-03-15T08:09:16.967140Z,26528,0,54,0,2,16
2026-03-15T08:09:18.135536Z,26528,0,67,0,2,14
2026-03-15T08:09:19.033657Z,26528,0,99,0,2,13
2026-03-15T08:09:20.057323Z,26528,1,51,0,2,11
2026-03-15T08:09:21.082398Z,26528,2,23,0,1,10
2026-03-15T08:09:22.105923Z,26528,3,05,0,1,9
2026-03-15T08:09:23.027731Z,26528,3,97,0,1,8
2026-03-15T08:09:24.051543Z,26528,5,00,0,0,7
2026-03-15T08:09:25.074956Z,26528,6,05,0,0,7
2026-03-15T08:09:26.099329Z,26528,7,12,0,0,7
2026-03-15T08:09:27.123286Z,26528,8,18,1,0,8
2026-03-15T08:09:28.149563Z,26528,9,14,1,0,7
2026-03-15T08:09:29.007146Z,26528,10,00,1,0,7
2026-03-15T08:09:30.093836Z,26528,10,76,1,0,6
2026-03-15T08:09:31.108330Z,26528,11,42,1,0,6
2026-03-15T08:09:32.016387Z,26528,11,98,1,0,6
2026-03-15T08:09:33.061185Z,26528,12,45,1,0,5
2026-03-15T08:09:34.086580Z,26528,12,80,1,0,5
2026-03-15T08:09:35.024336Z,26528,13,06,1,0,4
2026-03-15T08:09:36.135084Z,26528,13,23,1,0,4
2026-03-15T08:09:37.027261Z,26528,13,29,1,0,4
2026-03-15T08:09:38.079395Z,26528,13,25,1,0,3
2026-03-15T08:09:39.105237Z,26528,13,11,1,0,3
2026-03-15T08:09:40.127162Z,26528,12,87,1,0,2
2026-03-15T08:09:41.040936Z,26528,12,53,1,0,2
2026-03-15T08:09:42.175307Z,26528,12,09,1,0,2
2026-03-15T08:09:43.097177Z,26528,11,55,1,0,1
2026-03-15T08:09:44.121865Z,26528,10,91,1,0,1
2026-03-15T08:09:45.144385Z,26528,10,17,1,0,0
2026-03-15T08:09:46.055065Z,26528,9,34,1,0,0
2026-03-15T08:09:47.058738Z,26528,8,39,1,0,0
2026-03-15T08:09:48.114063Z,26528,7,36,1,0,0
2026-03-15T08:09:49.116130Z,26528,6,21,0,0,0
2026-03-15T08:09:50.118126Z,26528,5,18,0,0,0
2026-03-15T08:09:51.077247Z,26528,4,23,0,0,0
2026-03-15T08:09:52.077161Z,26528,3,40,0,0,0
2026-03-15T08:09:53.081544Z,26528,2,66,0,1,0
2026-03-15T08:09:54.259194Z,26528,2,02,0,1,0
2026-03-15T08:09:55.180192Z,26528,1,48,0,1,0
2026-03-15T08:09:56.095537Z,26528,1,04,0,1,0
2026-03-15T08:09:57.094489Z,26528,0,70,0,1,0
2026-03-15T08:09:58.152402Z,26528,0,46,0,1,0
2026-03-15T08:09:59.174210Z,26528,0,32,0,1,0
2026-03-15T08:10:00.198803Z,26528,0,28,0,1,0
2026-03-15T08:10:01.103753Z,26528,0,34,0,1,0
2026-03-15T08:10:02.253569Z,26528,0,50,0,1,0
2026-03-15T08:10:03.170363Z,26528,0,76,0,1,0
2026-03-15T08:10:04.111665Z,26528,1,13,0,1,0
2026-03-15T08:10:05.218856Z,26528,1,59,0,1,0
2026-03-15T08:10:06.240254Z,26528,2,15,0,1,0
2026-03-15T08:10:07.160903Z,26528,2,81,0,1,0
2026-03-15T08:10:08.185499Z,26528,3,57,0,1,0
2026-03-15T08:10:09.209725Z,26528,4,43,0,0,0
2026-03-15T08:10:10.233730Z,26528,5,19,0,0,0
2026-03-15T08:10:11.256944Z,26528,5,85,0,0,0
2026-03-15T08:10:12.151088Z,26528,6,41,0,0,0
2026-03-15T08:10:13.202522Z,26528,6,87,0,0,0
2026-03-15T08:10:14.327823Z,26528,7,23,0,0,0
2026-03-15T08:10:15.259934Z,26528,7,49,0,0,0
2026-03-15T08:10:16.146789Z,26528,7,66,1,0,0
2026-03-15T08:10:17.151132Z,26528,7,71,1,0,0
2026-03-15T08:10:18.220279Z,26528,7,68,1,0,0
2026-03-15T08:10:19.243683Z,26528,7,54,1,0,0
2026-03-15T08:10:20.175483Z,26528,7,30,1,0,0
2026-03-15T08:10:21.294618Z,26528,6,96,1,0,0
2026-03-15T08:10:22.220927Z,26528,6,52,1,0,0
2026-03-15T08:10:23.237786Z,26528,5,98,0,0,0
2026-03-15T08:10:24.261236Z,26528,5,34,0,0,0
2026-03-15T08:10:25.304483Z,26528,4,60,0,0,0
2026-03-15T08:10:26.214293Z,26528,3,76,0,0,0
2026-03-15T08:10:27.177096Z,26528,2,82,0,1,0
2026-03-15T08:10:28.257505Z,26528,1,98,0,1,0
2026-03-15T08:10:29.284794Z,26528,1,24,0,1,0
2026-03-15T08:10:30.303868Z,26528,0,60,0,1,0
2026-03-15T08:10:31.191737Z,26528,0,07,0,1,0
2026-03-15T08:10:32.193878Z,26528,-0,37,0,1,0
2026-03-15T08:10:33.284822Z,26528,-0,71,0,1,0
2026-03-15T08:10:34.295998Z,26528,-0,95,0,1,0
2026-03-15T08:10:35.321540Z,26528,-1,09,0,1,0
2026-03-15T08:10:36.242912Z,26528,-1,13,0,1,0
2026-03-15T08:10:37.266623Z,26528,-1,07,0,1,0
2026-03-15T08:10:38.290685Z,26528,-0,91,0,1,0
2026-03-15T08:10:39.314859Z,26528,-0,65,0,1,0
2026-03-15T08:10:40.338944Z,26528,-0,29,0,1,0
2026-03-15T08:10:41.361462Z,26528,0,17,0,1,0
2026-03-15T08:10:42.225587Z,26528,0,73,0,1,0
2026-03-15T08:10:43.307136Z,26528,1,39,0,1,0
2026-03-15T08:10:44.332796Z,26528,2,15,0,1,0
2026-03-15T08:10:45.356275Z,26528,3,02,0,1,0
2026-03-15T08:10:46.379211Z,26528,3,98,0,1,0
2026-03-15T08:10:47.302238Z,26528,5,04,0,0,0
2026-03-15T08:10:48.325346Z,26528,6,00,0,0,0
2026-03-15T08:10:49.251270Z,26528,6,86,0,0,0
2026-03-15T08:10:50.386720Z,26528,7,62,1,0,0
2026-03-15T08:10:51.255905Z,26528,8,28,1,0,0
2026-03-15T08:10:52.311429Z,26528,8,84,1,0,0
2026-03-15T08:10:53.344748Z,26528,9,30,1,0,0
2026-03-15T08:10:54.370463Z,26528,9,66,1,0,0
2026-03-15T08:10:55.393053Z,26528,9,92,1,0,0
2026-03-15T08:10:56.311904Z,26528,10,09,1,0,0
2026-03-15T08:10:57.306355Z,26528,10,15,1,0,0
2026-03-15T08:10:58.360637Z,26528,10,11,1,0,0
2026-03-15T08:10:59.384807Z,26528,9,97,1,0,0
2026-03-15T08:11:00.409545Z,26528,9,73,1,0,0
2026-03-15T08:11:01.288684Z,26528,9,39,1,0,0
2026-03-15T08:11:02.293371Z,26528,8,95,1,0,0
2026-03-15T08:11:03.293772Z,26528,8,41,1,0,0
2026-03-15T08:11:04.301772Z,26528,7,77,1,0,0
2026-03-15T08:11:05.303184Z,26528,7,03,1,0,0
2026-03-15T08:11:06.450577Z,26528,6,19,0,0,0
2026-03-15T08:11:07.374034Z,26528,5,45,0,0,0
2026-03-15T08:12:42.397936Z,20000,4,90,0,0,100
2026-03-15T08:12:43.426497Z,20000,4,70,0,0,100
2026-03-15T08:12:44.388724Z,20000,4,40,0,0,100
2026-03-15T08:12:45.392775Z,20000,4,00,0,0,100
2026-03-15T08:12:46.394321Z,20000,3,50,0,0,100
2026-03-15T08:12:47.522935Z,20000,2,90,0,1,100
2026-03-15T08:12:48.400854Z,20000,2,40,0,1,99
2026-03-15T08:12:49.467591Z,20000,2,00,0,2,98
2026-03-15T08:12:50.405810Z,20000,1,80,0,2,96
2026-03-15T08:12:51.410085Z,20000,1,80,0,2,95
2026-03-15T08:12:52.410731Z,20000,2,00,0,2,93
2026-03-15T08:12:53.562875Z,20000,2,40,0,1,92
2026-03-15T08:12:54.415309Z,20000,2,90,0,1,91
2026-03-15T08:12:55.507342Z,20000,3,50,0,1,90
2026-03-15T08:12:56.420638Z,20000,4,20,0,0,89
2026-03-15T08:12:57.423240Z,20000,4,80,0,0,89
2026-03-15T08:12:58.425651Z,20000,5,30,0,0,89
2026-03-15T08:12:59.501181Z,20000,5,70,0,0,89
2026-03-15T08:13:00.432941Z,20000,6,00,0,0,90
2026-03-15T08:13:01.435774Z,20000,6,20,0,0,90
2026-03-15T08:13:02.438394Z,20000,6,30,0,0,90
2026-03-15T08:13:03.598627Z,20000,6,30,0,0,90
2026-03-15T08:13:04.444407Z,20000,6,20,0,0,90
2026-03-15T08:13:05.542475Z,20000,6,00,0,0,90
2026-03-15T08:13:06.452885Z,20000,5,70,0,0,90
2026-03-15T08:13:07.590253Z,20000,5,30,0,0,90
2026-03-15T08:13:08.457381Z,20000,4,80,0,0,90
2026-03-15T08:13:09.539506Z,20000,4,20,0,0,90
2026-03-15T08:13:10.463899Z,20000,3,50,0,0,90
2026-03-15T08:13:11.686725Z,20000,2,70,0,1,91
2026-03-15T08:13:12.611907Z,20000,2,00,0,2,90
2026-03-15T08:13:13.528501Z,20000,1,50,0,2,88
2026-03-15T08:13:14.476358Z,20000,1,20,0,2,87
2026-03-15T08:13:15.581984Z,20000,1,10,0,2,85
2026-03-15T08:13:16.483002Z,20000,1,20,0,2,83
2026-03-15T08:13:17.485737Z,20000,1,50,0,2,82
2026-03-15T08:13:18.488559Z,20000,2,00,0,2,80
2026-03-15T08:13:19.571475Z,20000,2,70,0,1,79
2026-03-15T08:13:20.522626Z,20000,3,50,0,1,78
2026-03-15T08:13:21.497589Z,20000,4,40,0,0,77
2026-03-15T08:13:22.499470Z,20000,5,20,0,0,77
2026-03-15T08:13:23.564574Z,20000,5,90,0,0,77
2026-03-15T08:13:24.502958Z,20000,6,50,0,0,77
2026-03-15T08:13:25.611498Z,20000,7,00,0,0,77
2026-03-15T08:13:26.510780Z,20000,7,40,0,0,77
2026-03-15T08:13:27.520569Z,20000,7,70,1,0,78
2026-03-15T08:13:28.520967Z,20000,7,90,1,0,77
2026-03-15T08:13:29.544565Z,20000,8,00,1,0,77
2026-03-15T08:13:30.562729Z,20000,8,00,1,0,76
2026-03-15T08:13:31.576311Z,20000,7,90,1,0,76
2026-03-15T08:13:32.532043Z,20000,7,70,1,0,76
2026-03-15T08:13:33.535184Z,20000,7,40,1,0,75
2026-03-15T08:13:34.539062Z,20000,7,00,1,0,75
2026-03-15T08:13:35.539868Z,20000,6,50,0,0,74
2026-03-15T08:13:36.543295Z,20000,5,90,0,0,74
2026-03-15T08:13:37.545670Z,20000,5,20,0,0,75
2026-03-15T08:13:38.556865Z,20000,4,40,0,0,75
2026-03-15T08:13:39.571449Z,20000,3,50,0,0,75
2026-03-15T08:13:40.555245Z,20000,2,50,0,1,75
2026-03-15T08:13:41.894354Z,20000,1,60,0,2,74
2026-03-15T08:13:42.560975Z,20000,0,90,0,2,72
2026-03-15T08:13:43.565151Z,20000,0,40,0,2,71
2026-03-15T08:13:44.568035Z,20000,0,10,0,2,69
2026-03-15T08:13:45.571222Z,20000,0,00,0,2,68
2026-03-15T08:13:46.572888Z,20000,0,10,0,2,66
2026-03-15T08:13:47.585163Z,20000,0,40,0,2,64
2026-03-15T08:13:48.599323Z,20000,0,90,0,2,63
2026-03-15T08:13:49.582804Z,20000,1,60,0,2,61
2026-03-15T08:13:50.587484Z,20000,2,50,0,1,60
2026-03-15T08:13:51.589190Z,20000,3,50,0,1,59
2026-03-15T08:13:52.646476Z,20000,4,60,0,0,58
2026-03-15T08:13:53.776556Z,20000,5,80,0,0,58
2026-03-15T08:13:54.643750Z,20000,7,03,0,0,58
2026-03-15T08:13:55.692350Z,20000,8,27,1,0,58
2026-03-15T08:13:57.051285Z,20000,9,40,2,0,58
2026-03-15T08:13:57.605094Z,20000,10,34,2,0,57
2026-03-15T08:13:58.608289Z,20000,11,06,2,0,56
2026-03-15T08:13:59.609440Z,20000,11,60,2,0,56
2026-03-15T08:14:00.738467Z,20000,11,93,2,0,55
2026-03-15T08:14:01.614990Z,20000,12,06,2,0,54
2026-03-15T08:14:02.617078Z,20000,12,00,2,0,53
2026-03-15T08:14:03.705901Z,20000,11,73,2,0,52
2026-03-15T08:14:04.645052Z,20000,11,27,2,0,52
2026-03-15T08:14:05.622366Z,20000,10,60,2,0,51
2026-03-15T08:14:06.982828Z,20000,9,73,2,0,50
2026-03-15T08:14:08.109701Z,20000,8,66,2,0,49
2026-03-15T08:14:08.638057Z,20000,7,40,2,0,48
2026-03-15T08:14:09.640135Z,20000,5,93,0,0,48
2026-03-15T08:14:10.643097Z,20000,4,56,0,0,48
2026-03-15T08:14:11.643930Z,20000,3,30,0,0,48
2026-03-15T08:14:12.821102Z,20000,2,13,0,1,48
2026-03-15T08:14:13.675771Z,20000,1,06,0,2,47
2026-03-15T08:14:14.657705Z,20000,0,20,0,2,45
2026-03-15T08:14:15.659896Z,20000,-0,47,0,2,44
2026-03-15T08:14:16.676456Z,20000,-0,94,0,2,42
2026-03-15T08:14:17.743692Z,20000,-1,20,0,2,41
2026-03-15T08:14:19.067217Z,20000,-1,27,0,2,39
2026-03-15T08:14:19.684886Z,20000,-1,14,0,2,37
2026-03-15T08:14:20.678517Z,20000,-0,81,0,2,36
2026-03-15T08:14:21.729575Z,20000,-0,27,0,2,34
2026-03-15T08:14:22.678764Z,20000,0,46,0,2,33
2026-03-15T08:14:23.682622Z,20000,1,39,0,2,31
2026-03-15T08:14:24.687223Z,20000,2,53,0,1,29
2026-03-15T08:14:25.689605Z,20000,3,76,0,1,29
2026-03-15T08:14:26.782310Z,20000,5,09,0,0,28
2026-03-15T08:14:27.697660Z,20000,6,33,0,0,28
2026-03-15T08:14:28.702033Z,20000,7,46,0,0,28
2026-03-15T08:14:29.704126Z,20000,8,49,1,0,28
2026-03-15T08:14:30.707214Z,20000,9,43,2,0,28
2026-03-15T08:14:31.710007Z,20000,10,16,2,0,27
2026-03-15T08:14:32.715278Z,20000,10,70,2,0,26
2026-03-15T08:14:33.718589Z,20000,11,02,2,0,25
2026-03-15T08:14:34.721817Z,20000,11,16,2,0,25
2026-03-15T08:14:35.723346Z,20000,11,09,2,0,24
2026-03-15T08:14:36.724771Z,20000,10,83,2,0,23
2026-03-15T08:14:37.726772Z,20000,10,36,2,0,22
2026-03-15T08:14:38.743774Z,20000,9,70,2,0,21
2026-03-15T08:14:39.734081Z,20000,8,83,2,0,21
2026-03-15T08:14:40.782132Z,20000,7,76,1,0,20
2026-03-15T08:14:42.106023Z,20000,6,59,1,0,19
2026-03-15T08:14:42.743049Z,20000,5,32,0,0,19
2026-03-15T08:14:43.751932Z,20000,4,16,0,0,19
2026-03-15T08:14:44.749866Z,20000,3,00,0,1,19
2026-03-15T08:14:45.898887Z,20000,1,94,0,2,18
2026-03-15T08:14:46.816049Z,20000,1,09,0,2,17
2026-03-15T08:14:47.839626Z,20000,0,43,0,2,15
2026-03-15T08:14:48.760133Z,20000,-0,03,0,2,14
2026-03-15T08:14:49.889873Z,20000,-0,28,0,2,12
2026-03-15T08:14:50.759818Z,20000,-0,34,0,2,10
2026-03-15T08:14:51.833271Z,20000,-0,20,0,1,9
2026-03-15T08:14:52.857266Z,20000,0,04,0,1,8
2026-03-15T08:14:53.880025Z,20000,0,39,0,1,7
2026-03-15T08:14:54.905293Z,20000,0,83,0,1,6
2026-03-15T08:14:55.778837Z,20000,1,37,0,1,6
2026-03-15T08:14:56.851105Z,20000,2,02,0,1,5
2026-03-15T08:14:57.876132Z,20000,2,76,0,1,4
2026-03-15T08:14:58.897542Z,20000,3,60,0,1,3
2026-03-15T08:14:59.922439Z,20000,4,55,0,0,2
2026-03-15T08:15:00.842984Z,20000,5,39,0,0,2
2026-03-15T08:15:01.793709Z,20000,6,19,0,0,3
2026-03-15T08:15:02.892478Z,20000,6,98,0,0,3
2026-03-15T08:15:03.916646Z,20000,7,79,1,0,3
2026-03-15T08:15:04.939999Z,20000,8,48,1,0,2
2026-03-15T08:15:05.860868Z,20000,9,08,1,0,2
2026-03-15T08:15:06.886085Z,20000,9,58,1,0,2
2026-03-15T08:15:07.909671Z,20000,9,98,1,0,1
2026-03-15T08:15:08.817188Z,20000,10,28,1,0,1
2026-03-15T08:15:09.964088Z,20000,10,48,1,0,0
2026-03-15T08:15:10.877818Z,20000,10,77,0,0,0
2026-03-15T08:15:11.906217Z,20000,11,17,1,0,1
2026-03-15T08:15:12.926823Z,20000,11,47,1,0,0
2026-03-15T08:15:13.976847Z,20000,11,87,0,0,0
2026-03-15T08:15:14.975748Z,20000,12,37,0,0,0
2026-03-15T08:15:15.896778Z,20000,12,97,0,0,0
2026-03-15T08:15:16.922869Z,20000,13,66,1,0,1
2026-03-15T08:15:17.943835Z,20000,14,27,1,0,0
2026-03-15T08:15:18.971071Z,20000,14,77,0,0,0
2026-03-15T08:15:19.992998Z,20000,15,16,0,0,0
2026-03-15T08:15:20.914988Z,20000,15,46,0,0,0
2026-03-15T08:15:21.938421Z,20000,15,66,1,0,1
2026-03-15T08:15:22.962198Z,20000,15,76,1,0,0
2026-03-15T08:15:23.987337Z,20000,15,76,0,0,0
2026-03-15T08:15:25.010210Z,20000,15,66,0,0,0
2026-03-15T08:15:25.930727Z,20000,15,45,0,0,0
2026-03-15T08:15:26.957119Z,20000,15,15,1,0,1
2026-03-15T08:15:27.877581Z,20000,14,75,1,0,0
2026-03-15T08:15:28.902253Z,20000,14,45,0,0,0
2026-03-15T08:15:30.027145Z,20000,14,25,0,0,0
2026-03-15T08:15:30.949900Z,20000,14,15,0,0,0
2026-03-15T08:15:31.893879Z,20000,14,14,1,0,1
2026-03-15T08:15:32.893194Z,20000,14,04,1,0,0
2026-03-15T08:15:34.021898Z,20000,14,04,0,0,0
2026-03-15T08:15:34.942627Z,20000,14,14,0,0,0
2026-03-15T08:15:35.900895Z,20000,14,34,0,0,0
2026-03-15T08:15:36.993762Z,20000,14,63,1,0,1
2026-03-15T08:15:38.015843Z,20000,14,84,1,0,0
2026-03-15T08:15:39.039110Z,20000,15,13,0,0,0
2026-03-15T08:15:40.063318Z,20000,15,53,0,0,0
2026-03-15T08:15:40.916121Z,20000,16,03,0,0,0
2026-03-15T08:15:42.009242Z,20000,16,63,1,0,1
2026-03-15T08:15:43.033657Z,20000,17,13,1,0,0
2026-03-15T08:15:43.953182Z,20000,17,72,0,0,0
2026-03-15T08:15:44.980016Z,20000,18,42,0,0,0
2026-03-15T08:17:29.585422Z,17824,5,10,0,0,100
2026-03-15T08:17:30.659472Z,17824,5,30,0,0,100
2026-03-15T08:17:31.682476Z,17824,5,60,0,0,100
2026-03-15T08:17:32.704111Z,17824,6,00,0,0,100
2026-03-15T08:17:33.584772Z,17824,6,50,0,0,100
2026-03-15T08:17:34.656720Z,17824,7,10,0,0,100
2026-03-15T08:17:35.673098Z,17824,7,80,1,0,100
2026-03-15T08:17:36.697569Z,17824,8,40,1,0,99
2026-03-15T08:17:37.721146Z,17824,8,90,2,0,99
2026-03-15T08:17:38.759086Z,17824,9,20,2,0,98
2026-03-15T08:17:39.667353Z,17824,9,30,2,0,97
2026-03-15T08:17:40.690266Z,17824,9,20,2,0,96
2026-03-15T08:17:41.714662Z,17824,8,90,2,0,96
2026-03-15T08:17:42.738257Z,17824,8,40,1,0,95
2026-03-15T08:18:31.246400Z,19456,5,10,0,0,100
2026-03-15T08:18:32.300977Z,19456,5,30,0,0,100
2026-03-15T08:18:33.310975Z,19456,5,60,0,0,100
2026-03-15T08:18:34.238222Z,19456,6,00,0,0,100
2026-03-15T08:18:35.240132Z,19456,6,50,0,0,100
2026-03-15T08:18:36.293175Z,19456,7,10,0,0,100
2026-03-15T08:18:37.318417Z,19456,7,80,1,0,100
2026-03-15T08:18:38.352900Z,19456,8,40,1,0,99
2026-03-15T08:18:39.367882Z,19456,8,90,2,0,99
2026-03-15T08:18:40.389444Z,19456,9,20,2,0,98
2026-03-15T08:18:41.310788Z,19456,9,30,2,0,97
2026-03-15T08:18:42.306133Z,19456,9,20,2,0,96
2026-03-15T08:18:43.359058Z,19456,8,90,2,0,96
2026-03-15T08:18:44.384461Z,19456,8,40,1,0,95
2026-03-15T08:18:45.408176Z,19456,7,80,1,0,94
2026-03-15T08:18:46.328632Z,19456,7,10,1,0,94
2026-03-15T08:18:47.275038Z,19456,6,30,0,0,93
2026-03-15T08:18:48.479464Z,19456,5,60,0,0,94
2026-03-15T08:18:49.401445Z,19456,5,00,0,0,94
2026-03-15T08:18:50.425127Z,19456,4,50,0,0,94
2026-03-15T08:18:51.286691Z,19456,4,10,0,0,94
2026-03-15T08:18:52.370707Z,19456,3,80,0,0,94
2026-03-15T08:18:53.393568Z,19456,3,60,0,0,94
2026-03-15T08:18:54.419165Z,19456,3,50,0,0,94
2026-03-15T08:18:55.446922Z,19456,3,50,0,0,94
2026-03-15T08:18:56.368258Z,19456,3,60,0,0,94
2026-03-15T08:18:57.490205Z,19456,3,80,0,0,94
2026-03-15T08:18:58.411691Z,19456,4,10,0,0,95
2026-03-15T08:18:59.436443Z,19456,4,50,0,0,95
2026-03-15T08:19:00.458137Z,19456,5,00,0,0,95
2026-03-15T08:19:01.319826Z,19456,5,60,0,0,95
2026-03-15T08:19:02.405588Z,19456,6,30,0,0,95
2026-03-15T08:19:03.429011Z,19456,7,01,0,0,95
2026-03-15T08:19:04.354125Z,19456,7,73,1,0,95
2026-03-15T08:19:05.375255Z,19456,8,34,1,0,95
2026-03-15T08:19:06.400070Z,19456,8,85,2,0,94
2026-03-15T08:19:07.423256Z,19456,9,16,2,0,94
2026-03-15T08:19:08.449612Z,19456,9,28,2,0,93
2026-03-15T08:19:09.471507Z,19456,9,19,2,0,92
2026-03-15T08:19:10.496295Z,19456,8,91,2,0,91
2026-03-15T08:19:11.346595Z,19456,8,41,1,0,90
2026-03-15T08:19:12.440716Z,19456,7,83,1,0,90
2026-03-15T08:19:13.353016Z,19456,7,14,1,0,90
2026-03-15T08:19:14.488050Z,19456,6,36,0,0,89
2026-03-15T08:19:15.722657Z,19456,5,47,0,0,89
2026-03-15T08:19:16.441231Z,19456,4,48,0,0,89
2026-03-15T08:19:17.469917Z,19456,3,39,0,0,89
2026-03-15T08:19:18.483273Z,19456,2,21,0,1,90
2026-03-15T08:19:19.370852Z,19456,1,12,0,2,89
2026-03-15T08:19:20.427141Z,19456,0,23,0,2,87
2026-03-15T08:19:21.452783Z,19456,-0,45,0,2,86
2026-03-15T08:19:22.476629Z,19456,-0,94,0,2,84
2026-03-15T08:19:23.501641Z,19456,-1,23,0,2,82
2026-03-15T08:19:24.523990Z,19456,-1,32,0,2,81
2026-03-15T08:19:25.445470Z,19456,-1,20,0,2,79
2026-03-15T08:19:26.472293Z,19456,-0,89,0,2,78
2026-03-15T08:19:27.492979Z,19456,-0,38,0,2,76
2026-03-15T08:19:28.519017Z,19456,0,34,0,2,74
2026-03-15T08:19:29.542005Z,19456,1,25,0,2,73
2026-03-15T08:19:30.463588Z,19456,2,36,0,1,71
2026-03-15T08:19:31.410406Z,19456,3,57,0,1,70
2026-03-15T08:19:32.509645Z,19456,4,89,0,0,70
2026-03-15T08:19:33.533702Z,19456,6,10,0,0,70
2026-03-15T08:19:34.558601Z,19456,7,21,0,0,70
2026-03-15T08:19:35.482655Z,19456,8,23,1,0,70
2026-03-15T08:19:36.637415Z,19456,9,14,2,0,69
2026-03-15T08:19:37.537178Z,19456,9,85,2,0,69
2026-03-15T08:19:38.559360Z,19456,10,37,2,0,68
2026-03-15T08:19:39.578519Z,19456,10,68,2,0,67
2026-03-15T08:19:40.509074Z,19456,10,79,2,0,66
2026-03-15T08:19:41.521977Z,19456,10,70,2,0,65
2026-03-15T08:19:42.451328Z,19456,10,41,2,0,65
2026-03-15T08:19:43.583079Z,19456,9,93,2,0,64
2026-03-15T08:19:44.454112Z,19456,9,24,2,0,63
2026-03-15T08:19:45.516175Z,19456,8,35,1,0,62
2026-03-15T08:19:46.540386Z,19456,7,37,1,0,62
2026-03-15T08:19:47.462149Z,19456,6,28,0,0,61
2026-03-15T08:19:48.467197Z,19456,5,29,0,0,62
2026-03-15T08:19:49.470597Z,19456,4,41,0,0,62
2026-03-15T08:19:50.470463Z,19456,3,62,0,0,62
2026-03-15T08:19:51.474551Z,19456,2,93,0,1,62
2026-03-15T08:19:52.581982Z,19456,2,35,0,1,61
2026-03-15T08:19:53.566564Z,19456,1,86,0,2,60
2026-03-15T08:19:54.526009Z,19456,1,57,0,2,59
2026-03-15T08:19:55.555013Z,19456,1,48,0,2,57
2026-03-15T08:19:56.676368Z,19456,1,60,0,2,55
2026-03-15T08:19:57.599932Z,19456,1,91,0,2,54
2026-03-15T08:19:58.623349Z,19456,2,42,0,1,52
2026-03-15T08:19:59.647101Z,19456,3,04,0,1,51
2026-03-15T08:20:00.502585Z,19456,3,75,0,1,51
2026-03-15T08:20:01.559745Z,19456,4,56,0,0,50
2026-03-15T08:20:02.627103Z,19456,5,47,0,0,50
2026-03-15T08:20:03.639273Z,19456,6,38,0,0,50
2026-03-15T08:20:04.513455Z,19456,7,29,0,0,50
2026-03-15T08:20:05.519710Z,19456,8,20,1,0,50
2026-03-15T08:20:06.519502Z,19456,9,02,2,0,50
2026-03-15T08:20:07.634199Z,19456,9,63,2,0,49
2026-03-15T08:20:12.422238Z,20544,4,90,0,0,100
2026-03-15T08:20:13.476737Z,20544,4,70,0,0,100
2026-03-15T08:20:14.496504Z,20544,4,40,0,0,100
2026-03-15T08:20:15.420169Z,20544,4,00,0,0,100
2026-03-15T08:20:25.851123Z,29792,5,10,0,0,100
2026-03-15T08:20:26.988822Z,29792,5,30,0,0,100
2026-03-15T08:20:27.908686Z,29792,5,60,0,0,100
2026-03-15T08:20:28.934110Z,29792,6,00,0,0,100
2026-03-15T08:20:29.958770Z,29792,6,50,0,0,100
2026-03-15T08:20:30.981916Z,29792,7,10,0,0,100
2026-03-15T08:20:31.902277Z,29792,7,80,1,0,100
2026-03-15T08:22:18.058311Z,25984,5,10,0,0,100
2026-03-15T08:22:19.116940Z,25984,5,30,0,0,100
2026-03-15T08:22:20.139449Z,25984,5,60,0,0,100
2026-03-15T08:22:21.170046Z,25984,6,00,0,0,100
2026-03-15T08:22:22.289577Z,25984,6,50,0,0,100
2026-03-15T08:22:23.057276Z,25984,7,10,0,0,100
2026-03-15T08:22:24.134463Z,25984,7,80,1,0,100
2026-03-15T08:22:25.157728Z,25984,8,40,1,0,99
2026-03-15T08:22:26.181891Z,25984,8,90,2,0,99
2026-03-15T08:22:27.204887Z,25984,9,20,2,0,98
2026-03-15T08:22:28.126058Z,25984,9,30,2,0,97
2026-03-15T08:22:29.123475Z,25984,9,20,2,0,96
2026-03-15T08:22:30.177532Z,25984,8,90,2,0,96
2026-03-15T08:22:31.199804Z,25984,8,40,1,0,95
2026-03-15T08:22:32.130402Z,25984,7,80,1,0,94
2026-03-15T08:22:33.162627Z,25984,7,10,1,0,94
2026-03-15T08:22:34.090427Z,25984,6,30,0,0,93
2026-03-15T08:22:35.098179Z,25984,5,44,0,0,94
2026-03-15T08:22:36.216730Z,25984,4,59,0,0,94
2026-03-15T08:22:37.241613Z,25984,3,73,0,0,94
2026-03-15T08:22:38.165163Z,25984,2,87,0,1,94
2026-03-15T08:22:39.186326Z,25984,2,11,0,1,93
2026-03-15T08:22:40.209024Z,25984,1,46,0,2,92
2026-03-15T08:22:41.113507Z,25984,1,00,0,2,91
2026-03-15T08:22:42.161845Z,25984,0,74,0,2,89
2026-03-15T08:22:43.180186Z,25984,0,68,0,2,87
2026-03-15T08:22:44.204143Z,25984,0,83,0,2,86
2026-03-15T08:22:45.225953Z,25984,1,17,0,2,84
2026-03-15T08:22:46.128052Z,25984,1,71,0,2,83
2026-03-15T08:22:47.131169Z,25984,2,46,0,1,81
2026-03-15T08:22:48.197348Z,25984,3,30,0,1,80
2026-03-15T08:22:49.220298Z,25984,4,24,0,0,80
2026-03-15T08:22:50.243029Z,25984,5,08,0,0,80
2026-03-15T08:22:51.153490Z,25984,5,82,0,0,80
2026-03-15T08:22:52.190798Z,25984,6,47,0,0,80
2026-03-15T08:22:53.154835Z,25984,7,01,0,0,80
2026-03-15T08:22:54.240651Z,25984,7,45,0,0,80
2026-03-15T08:22:55.260766Z,25984,7,80,1,0,80
2026-03-15T08:22:56.289394Z,25984,8,04,1,0,80
2026-03-15T08:22:57.311534Z,25984,8,18,1,0,79
2026-03-15T08:22:58.170161Z,25984,8,23,1,0,79
2026-03-15T08:22:59.173413Z,25984,8,16,1,0,78
2026-03-15T08:23:00.383400Z,25984,8,01,1,0,78
2026-03-15T08:23:05.977922Z,23536,5,10,0,0,100
2026-03-15T08:23:07.038501Z,23536,5,30,0,0,100
2026-03-15T08:23:08.064117Z,23536,5,60,0,0,100
2026-03-15T08:23:09.088302Z,23536,6,00,0,0,100
2026-03-15T08:23:10.110813Z,23536,6,50,0,0,100
2026-03-15T08:23:11.030216Z,23536,7,10,0,0,100
2026-03-15T08:23:12.057709Z,23536,7,80,1,0,100
2026-03-15T08:23:13.083602Z,23536,8,40,1,0,99
2026-03-15T08:23:14.106495Z,23536,8,90,2,0,99
2026-03-15T08:23:15.126145Z,23536,9,20,2,0,98
2026-03-15T08:23:15.997973Z,23536,9,30,2,0,97
2026-03-15T08:23:16.999685Z,23536,9,20,2,0,96
2026-03-15T08:23:18.095948Z,23536,8,90,2,0,96
2026-03-15T08:23:19.126769Z,23536,8,40,1,0,95
2026-03-15T08:23:20.042679Z,23536,7,80,1,0,94
2026-03-15T08:23:21.065766Z,23536,7,10,1,0,94
2026-03-15T08:23:22.093145Z,23536,6,30,0,0,93
2026-03-15T08:23:23.014506Z,23536,5,60,0,0,94
2026-03-15T08:23:24.139631Z,23536,5,00,0,0,94
2026-03-15T08:23:25.164126Z,23536,4,50,0,0,94
2026-03-15T08:23:26.088259Z,23536,4,10,0,0,94
2026-03-15T08:23:27.211508Z,23536,3,80,0,0,94
2026-03-15T08:23:28.133527Z,23536,3,60,0,0,94
2026-03-15T08:23:29.033492Z,23536,3,50,0,0,94
2026-03-15T08:23:30.078487Z,23536,3,50,0,0,94
2026-03-15T08:23:31.103121Z,23536,3,60,0,0,94
2026-03-15T08:23:32.128296Z,23536,3,80,0,0,94
2026-03-15T08:23:33.151210Z,23536,4,10,0,0,95
2026-03-15T08:23:34.051173Z,23536,4,50,0,0,95
2026-03-15T08:23:35.054530Z,23536,5,00,0,0,95
2026-03-15T08:23:36.120368Z,23536,5,60,0,0,95
2026-03-15T08:23:37.146263Z,23536,6,30,0,0,95
2026-03-15T08:23:38.166686Z,23536,7,10,0,0,95
2026-03-15T08:23:39.191306Z,23536,8,00,1,0,95
2026-03-15T08:23:40.216827Z,23536,8,80,2,0,95
2026-03-15T08:23:41.072885Z,23536,9,40,2,0,94
2026-03-15T08:23:42.129234Z,23536,9,80,2,0,93
2026-03-15T08:23:43.185993Z,23536,10,00,2,0,92
2026-03-15T08:23:44.083875Z,23536,10,00,2,0,92
2026-03-15T08:23:45.134964Z,23536,9,80,2,0,91
2026-03-15T08:23:46.086999Z,23536,9,40,2,0,90
2026-03-15T08:23:47.090411Z,23536,8,80,2,0,89
2026-03-15T08:23:48.116606Z,23536,8,00,1,0,88
2026-03-15T08:23:49.124472Z,23536,7,10,1,0,88
2026-03-15T08:23:50.099260Z,23536,6,10,0,0,88
2026-03-15T08:23:51.101566Z,23536,5,20,0,0,88
2026-03-15T08:23:52.210227Z,23536,4,40,0,0,88
2026-03-15T08:23:53.108372Z,23536,3,67,0,0,88
2026-03-15T08:23:54.245015Z,23536,2,95,0,1,88
2026-03-15T08:23:55.169334Z,23536,2,32,0,1,87
2026-03-15T08:23:56.191279Z,23536,1,80,0,2,86
2026-03-15T08:23:57.216010Z,23536,1,47,0,2,85
2026-03-15T08:23:58.240784Z,23536,1,35,0,2,83
2026-03-15T08:23:59.124338Z,23536,1,42,0,2,82
2026-03-15T08:24:00.184387Z,23536,1,70,0,2,80
2026-03-15T08:24:01.132133Z,23536,2,17,0,1,78
2026-03-15T08:24:02.232382Z,23536,2,74,0,1,78
2026-03-15T08:24:03.257575Z,23536,3,42,0,1,77
2026-03-15T08:24:04.280180Z,23536,4,20,0,0,76
2026-03-15T08:24:05.143458Z,23536,4,87,0,0,76
2026-03-15T08:24:06.150711Z,23536,5,44,0,0,76
2026-03-15T08:24:07.251122Z,23536,5,92,0,0,76
2026-03-15T08:24:08.271943Z,23536,6,29,0,0,76
2026-03-15T08:24:09.303518Z,23536,6,57,0,0,76
2026-03-15T08:24:10.157797Z,23536,6,74,0,0,77
2026-03-15T08:24:11.165498Z,23536,6,82,0,0,77
2026-03-15T08:24:12.265731Z,23536,6,79,0,0,77
2026-03-15T08:24:13.291864Z,23536,6,66,0,0,77
2026-03-15T08:24:14.315512Z,23536,6,44,0,0,77
2026-03-15T08:24:15.236578Z,23536,6,11,0,0,77
2026-03-15T08:24:16.178342Z,23536,5,69,0,0,77
2026-03-15T08:24:17.183266Z,23536,5,16,0,0,77
2026-03-15T08:24:18.307814Z,23536,4,54,0,0,77
2026-03-15T08:24:19.333336Z,23536,3,81,0,0,77
2026-03-15T08:24:20.254742Z,23536,3,02,0,0,78
2026-03-15T08:24:21.278757Z,23536,2,22,0,1,78
2026-03-15T08:24:22.302617Z,23536,1,53,0,2,77
2026-03-15T08:24:23.191018Z,23536,1,04,0,2,75
2026-03-15T08:24:24.356904Z,23536,0,74,0,2,74
2026-03-15T08:24:25.272081Z,23536,0,65,0,2,72
2026-03-15T08:24:26.202869Z,23536,0,75,0,2,70
2026-03-15T08:24:27.339759Z,23536,1,06,0,2,69
2026-03-15T08:24:28.343652Z,23536,1,56,0,2,67
2026-03-15T08:24:29.266232Z,23536,2,27,0,1,66
2026-03-15T08:24:30.289701Z,23536,3,08,0,1,65
2026-03-15T08:24:31.314011Z,23536,3,98,0,1,64
2026-03-15T08:24:32.340277Z,23536,4,99,0,0,63
2026-03-15T08:24:33.267891Z,23536,6,09,0,0,63
2026-03-15T08:24:34.283511Z,23536,7,22,0,0,63
2026-03-15T08:24:35.230515Z,23536,8,35,1,0,64
2026-03-15T08:24:36.331547Z,23536,9,38,2,0,63
2026-03-15T08:24:37.354962Z,23536,10,20,2,0,62
2026-03-15T08:24:38.378838Z,23536,10,83,2,0,62
2026-03-15T08:24:39.300976Z,23536,11,26,2,0,61
2026-03-15T08:24:40.324261Z,23536,11,48,2,0,60
2026-03-15T08:24:41.246899Z,23536,11,51,2,0,59
2026-03-15T08:24:42.373244Z,23536,11,34,2,0,58
2026-03-15T08:24:43.293700Z,23536,10,96,2,0,58
2026-03-15T08:24:44.319425Z,23536,10,39,2,0,57
2026-03-15T08:24:45.341352Z,23536,9,62,2,0,56
2026-03-15T08:24:46.368801Z,23536,8,64,2,0,55
2026-03-15T08:24:47.265306Z,23536,7,47,2,0,54
2026-03-15T08:24:48.269819Z,23536,6,10,0,0,54
2026-03-15T08:24:49.337207Z,23536,4,82,0,0,54
2026-03-15T08:24:50.361403Z,23536,3,65,0,0,54
2026-03-15T08:24:51.274528Z,23536,2,58,0,1,54
2026-03-15T08:24:52.307202Z,23536,1,60,0,2,53
2026-03-15T08:24:53.327540Z,23536,0,83,0,2,51
2026-03-15T08:24:54.302375Z,23536,0,26,0,2,50
2026-03-15T08:24:55.377093Z,23536,-0,12,0,2,48
2026-03-15T08:24:56.415622Z,23536,-0,29,0,2,47
2026-03-15T08:24:57.428274Z,23536,-0,26,0,2,45
2026-03-15T08:24:58.453229Z,23536,-0,04,0,2,43
2026-03-15T08:24:59.375663Z,23536,0,39,0,2,42
2026-03-15T08:25:00.395649Z,23536,1,02,0,2,40
2026-03-15T08:25:01.431361Z,23536,1,84,0,2,39
2026-03-15T08:25:02.445660Z,23536,2,87,0,1,37
2026-03-15T08:25:03.469821Z,23536,4,00,0,1,36
2026-03-15T08:25:04.321239Z,23536,5,23,0,0,35
2026-03-15T08:25:05.412862Z,23536,6,35,0,0,36
2026-03-15T08:25:06.436756Z,23536,7,38,0,0,36
2026-03-15T08:25:07.464723Z,23536,8,30,1,0,36
2026-03-15T08:25:08.381537Z,23536,9,13,2,0,35
2026-03-15T08:25:09.408203Z,23536,9,76,2,0,35
2026-03-15T08:25:10.457094Z,23536,10,19,2,0,34
2026-03-15T08:25:11.455598Z,23536,10,41,2,0,33
2026-03-15T08:25:12.339864Z,23536,10,44,2,0,32
2026-03-15T08:25:13.400436Z,23536,10,27,2,0,31
2026-03-15T08:25:14.423722Z,23536,9,89,2,0,31
2026-03-15T08:25:15.448164Z,23536,9,32,2,0,30
2026-03-15T08:25:16.471261Z,23536,8,55,2,0,29
2026-03-15T08:25:17.385434Z,23536,7,57,1,0,28
2026-03-15T08:25:18.396926Z,23536,6,50,0,0,28
2026-03-15T08:25:19.441115Z,23536,5,53,0,0,28
2026-03-15T08:25:20.368912Z,23536,4,65,0,0,28
2026-03-15T08:25:21.489596Z,23536,3,88,0,0,28
2026-03-15T08:25:22.410365Z,23536,3,21,0,0,28
2026-03-15T08:25:23.434307Z,23536,2,63,0,1,28
2026-03-15T08:25:24.382021Z,23536,2,16,0,1,27
2026-03-15T08:25:25.382123Z,23536,1,79,0,2,27
2026-03-15T08:25:26.507177Z,23536,1,61,0,2,25
2026-03-15T08:25:27.530355Z,23536,1,64,0,2,23
2026-03-15T08:25:28.453068Z,23536,1,87,0,2,22
2026-03-15T08:25:29.494405Z,23536,2,29,0,1,20
2026-03-15T08:25:30.513955Z,23536,2,82,0,1,19
2026-03-15T08:25:31.535042Z,23536,3,45,0,1,19
2026-03-15T08:25:32.553914Z,23536,4,18,0,0,18
2026-03-15T08:25:33.405053Z,23536,4,80,0,0,18
2026-03-15T08:25:34.500211Z,23536,5,33,0,0,18
2026-03-15T08:25:35.520488Z,23536,5,75,0,0,18
2026-03-15T08:25:36.549948Z,23536,6,08,0,0,18
2026-03-15T08:25:37.467009Z,23536,6,31,0,0,18
2026-03-15T08:25:38.485604Z,23536,6,44,0,0,18
2026-03-15T08:25:39.513875Z,23536,6,46,0,0,19
2026-03-15T08:25:40.535565Z,23536,6,39,0,0,19
2026-03-15T08:25:41.579278Z,23536,6,21,0,0,19
2026-03-15T08:25:42.431144Z,23536,5,94,0,0,19
2026-03-15T08:25:43.505159Z,23536,5,57,0,0,19
2026-03-15T08:25:44.529473Z,23536,5,10,0,0,19
2026-03-15T08:25:45.553058Z,23536,4,52,0,0,19
2026-03-15T08:25:46.440010Z,23536,3,85,0,0,19
2026-03-15T08:25:47.443386Z,23536,3,08,0,0,19
2026-03-15T08:25:48.446808Z,23536,2,20,0,1,19
2026-03-15T08:25:49.650240Z,23536,1,43,0,2,19
2026-03-15T08:25:50.453078Z,23536,0,86,0,2,17
2026-03-15T08:25:51.595101Z,23536,0,48,0,2,15
2026-03-15T08:25:52.516790Z,23536,0,31,0,2,14
2026-03-15T08:25:53.538790Z,23536,0,34,0,2,12
2026-03-15T08:25:54.564894Z,23536,0,56,0,2,11
2026-03-15T08:25:55.588539Z,23536,0,99,0,1,9
2026-03-15T08:25:56.469507Z,23536,1,52,0,1,8
2026-03-15T08:25:57.535460Z,23536,2,14,0,1,7
2026-03-15T08:25:58.560471Z,23536,2,87,0,1,7
2026-03-15T08:25:59.582070Z,23536,3,70,0,1,6
2026-03-15T08:26:00.609088Z,23536,4,63,0,0,5
2026-03-15T08:26:01.527914Z,23536,5,45,0,0,5
2026-03-15T08:26:02.550989Z,23536,6,22,0,0,5
2026-03-15T08:26:03.575031Z,23536,6,98,0,0,5
2026-03-15T08:26:04.492073Z,23536,7,75,1,0,5
2026-03-15T08:26:05.497245Z,23536,8,41,1,0,5
2026-03-15T08:26:06.497725Z,23536,8,98,1,0,5
2026-03-15T08:26:07.569287Z,23536,9,44,1,0,4
2026-03-15T08:26:08.593230Z,23536,9,80,1,0,4
2026-03-15T08:26:09.506062Z,23536,10,07,1,0,3
2026-03-15T08:26:10.640266Z,23536,10,23,1,0,3
2026-03-15T08:26:11.564592Z,23536,10,30,1,0,3
2026-03-15T08:26:12.586392Z,23536,10,27,1,0,2
2026-03-15T08:26:13.610434Z,23536,10,13,1,0,2
2026-03-15T08:26:14.634868Z,23536,9,89,1,0,1
2026-03-15T08:26:15.657380Z,23536,9,55,1,0,1
2026-03-15T08:26:16.580485Z,23536,9,13,1,0,1
2026-03-15T08:26:17.604299Z,23536,8,59,1,0,0
2026-03-15T08:26:18.628729Z,23536,7,95,0,0,0
2026-03-15T08:26:19.537501Z,23536,7,21,0,0,0
2026-03-15T08:26:20.675586Z,23536,6,41,0,0,1
2026-03-15T08:26:21.601076Z,23536,5,61,0,0,1
2026-03-15T08:26:22.623867Z,23536,4,81,0,0,1
2026-03-15T08:26:23.645955Z,23536,4,00,0,0,1
2026-03-15T08:26:24.671569Z,23536,3,20,0,0,1
2026-03-15T08:26:25.592623Z,23536,2,40,0,1,1
2026-03-15T08:26:26.556889Z,23536,1,70,0,0,0
2026-03-15T08:26:27.562749Z,23536,0,91,0,0,0
2026-03-15T08:26:28.563910Z,23536,0,12,0,0,0
2026-03-15T08:26:29.689476Z,23536,-0,66,0,1,1
2026-03-15T08:26:30.711942Z,23536,-1,35,0,1,0
2026-03-15T08:26:31.633256Z,23536,-1,93,0,0,0
2026-03-15T08:26:32.580214Z,23536,-2,42,0,0,0
2026-03-15T08:26:33.581794Z,23536,-2,81,0,0,0
2026-03-15T08:26:34.704654Z,23536,-3,09,0,0,0
2026-03-15T08:26:35.729444Z,23536,-3,28,0,0,0
2026-03-15T08:26:36.752630Z,23536,-3,37,0,0,0
2026-03-15T08:26:37.674077Z,23536,-3,35,0,0,0
2026-03-15T08:26:38.696865Z,23536,-3,24,0,1,1
2026-03-15T08:26:39.723076Z,23536,-3,02,0,1,0
2026-03-15T08:26:40.746868Z,23536,-2,91,0,0,0
2026-03-15T08:26:41.668110Z,23536,-2,90,0,0,0
2026-03-15T08:26:42.692181Z,23536,-2,98,0,0,0
2026-03-15T08:26:43.614250Z,23536,-3,17,0,0,0
2026-03-15T08:26:44.742277Z,23536,-3,46,0,0,0
2026-03-15T08:26:45.765865Z,23536,-3,84,0,0,0
2026-03-15T08:26:46.623076Z,23536,-4,33,0,0,0
2026-03-15T08:26:47.710002Z,23536,-4,91,0,1,1
2026-03-15T08:26:48.735365Z,23536,-5,40,0,1,0
2026-03-15T08:26:49.634084Z,23536,-5,79,0,0,0
2026-03-15T08:26:50.635761Z,23536,-6,07,0,0,0
2026-03-15T08:26:51.703398Z,23536,-6,26,0,0,0
2026-03-15T08:26:52.729600Z,23536,-6,34,0,0,0
2026-03-15T08:26:53.751353Z,23536,-6,33,0,0,0
2026-03-15T08:26:54.685747Z,23536,-6,21,0,0,0
2026-03-15T08:26:56.011491Z,23536,-6,00,0,0,0
2026-03-15T08:26:56.652720Z,23536,-5,69,0,1,1
2026-03-15T08:26:57.745241Z,23536,-5,27,0,1,0
2026-03-15T08:26:58.769042Z,23536,-4,76,0,0,0
2026-03-15T08:26:59.792197Z,23536,-4,15,0,0,0
2026-03-15T08:27:00.714787Z,23536,-3,43,0,0,0
2026-03-15T08:27:01.738153Z,23536,-2,62,0,0,0
2026-03-15T08:27:02.786384Z,23536,-1,71,0,0,0
2026-03-15T08:27:03.793451Z,23536,-0,69,0,0,0
2026-03-15T08:27:04.707253Z,23536,0,42,0,0,0
2026-03-15T08:27:05.734249Z,23536,1,64,0,1,1
2026-03-15T08:27:06.682118Z,23536,2,95,0,1,0
2026-03-15T08:27:07.780647Z,23536,4,16,0,0,0
2026-03-15T08:27:08.804101Z,23536,5,34,0,0,0
2026-03-15T08:27:09.828499Z,23536,6,52,0,0,0
2026-03-15T08:27:10.750058Z,23536,7,69,0,0,0
2026-03-15T08:27:11.875690Z,23536,8,87,0,0,0
2026-03-15T08:27:12.802992Z,23536,10,05,0,0,0
2026-03-15T09:12:50.532449Z,20272,5,10,0,0,100
2026-03-15T09:12:51.512177Z,20272,5,30,0,0,100
2026-03-15T09:12:52.514051Z,20272,5,60,0,0,100
2026-03-15T09:12:53.516169Z,20272,6,00,0,0,100
2026-03-15T09:12:54.518740Z,20272,6,50,0,0,100
2026-03-15T09:12:55.520040Z,20272,7,10,0,0,100
2026-03-15T09:12:56.530252Z,20272,7,80,1,0,100
2026-03-15T09:12:57.522962Z,20272,8,40,1,0,99
2026-03-15T09:12:58.528179Z,20272,8,90,2,0,99
2026-03-15T09:12:59.548417Z,20272,9,20,2,0,98
2026-03-15T09:13:00.629092Z,20272,9,30,2,0,97
2026-03-15T09:13:01.641802Z,20272,9,20,2,0,96
2026-03-15T09:13:02.540127Z,20272,8,90,2,0,96
2026-03-15T09:13:03.541995Z,20272,8,40,1,0,95
2026-03-15T09:13:04.545642Z,20272,7,80,1,0,94
2026-03-15T09:13:05.549161Z,20272,7,10,1,0,94
2026-03-15T09:13:06.548845Z,20272,6,30,0,0,93
2026-03-15T09:13:07.550406Z,20272,5,60,0,0,94
2026-03-15T09:13:08.553324Z,20272,5,00,0,0,94
2026-03-15T09:13:09.556183Z,20272,4,50,0,0,94
2026-03-15T09:13:10.557545Z,20272,4,10,0,0,94
2026-03-15T09:13:11.560718Z,20272,3,80,0,0,94
2026-03-15T09:13:12.563411Z,20272,3,60,0,0,94
2026-03-15T09:13:13.565372Z,20272,3,50,0,0,94
2026-03-15T09:13:14.570442Z,20272,3,50,0,0,94
2026-03-15T09:13:15.569614Z,20272,3,60,0,0,94
2026-03-15T09:13:16.572735Z,20272,3,80,0,0,94
2026-03-15T09:13:17.580191Z,20272,4,10,0,0,95
2026-03-15T09:13:18.578732Z,20272,4,50,0,0,95
2026-03-15T09:13:19.584857Z,20272,5,00,0,0,95
2026-03-15T09:13:20.582795Z,20272,5,60,0,0,95
2026-03-15T09:13:21.585796Z,20272,6,30,0,0,95
2026-03-15T09:13:22.592285Z,20272,7,10,0,0,95
2026-03-15T09:13:23.592097Z,20272,8,00,1,0,95
2026-03-15T09:13:24.597160Z,20272,8,80,2,0,95
2026-03-15T09:13:25.600632Z,20272,9,40,2,0,94
2026-03-15T09:13:26.603588Z,20272,9,80,2,0,93
2026-03-15T09:13:27.608452Z,20272,10,00,2,0,92
2026-03-15T09:13:28.609594Z,20272,10,00,2,0,92
2026-03-15T09:13:29.612311Z,20272,9,80,2,0,91
2026-03-15T09:13:30.613438Z,20272,9,40,2,0,90
2026-03-15T09:13:31.618259Z,20272,8,80,2,0,89
2026-03-15T09:13:32.619901Z,20272,8,00,1,0,88
2026-03-15T09:13:33.624469Z,20272,7,10,1,0,88
2026-03-15T09:13:34.627192Z,20272,6,10,0,0,88
2026-03-15T09:13:35.629419Z,20272,5,11,0,0,88
2026-03-15T09:13:36.631844Z,20272,4,13,0,0,88
2026-03-15T09:13:37.634255Z,20272,3,14,0,0,88
2026-03-15T09:13:38.637730Z,20272,2,15,0,1,88
2026-03-15T09:13:39.640886Z,20272,1,27,0,2,87
2026-03-15T09:13:40.641245Z,20272,0,58,0,2,86
2026-03-15T09:13:41.643343Z,20272,0,09,0,2,84
2026-03-15T09:13:42.645311Z,20272,-0,19,0,2,82
2026-03-15T09:13:43.648731Z,20272,-0,28,0,2,81
2026-03-15T09:13:44.653720Z,20272,-0,17,0,2,79
2026-03-15T09:13:45.653399Z,20272,0,14,0,2,78
2026-03-15T09:13:46.654969Z,20272,0,66,0,2,76
2026-03-15T09:13:47.657768Z,20272,1,37,0,2,74
2026-03-15T09:13:48.659626Z,20272,2,29,0,1,73
2026-03-15T09:13:49.663925Z,20272,3,30,0,1,72
2026-03-15T09:13:50.666982Z,20272,4,41,0,0,71
2026-03-15T09:13:51.667593Z,20272,5,54,0,0,71
2026-03-15T09:13:52.671043Z,20272,6,68,0,0,71
2026-03-15T09:13:53.672462Z,20272,7,81,1,0,71
2026-03-15T09:13:54.672740Z,20272,8,84,2,0,71
2026-03-15T09:13:55.676028Z,20272,9,68,2,0,70
2026-03-15T09:13:56.677862Z,20272,10,31,2,0,69
2026-03-15T09:13:57.680726Z,20272,10,74,2,0,69
2026-03-15T09:13:58.682748Z,20272,10,98,2,0,68
2026-03-15T09:13:59.687815Z,20272,11,01,2,0,67
2026-03-15T09:14:00.687624Z,20272,10,84,2,0,66
2026-03-15T09:14:01.706187Z,20272,10,48,2,0,65
2026-03-15T09:14:02.693397Z,20272,9,91,2,0,65
2026-03-15T09:14:03.697722Z,20272,9,14,2,0,64
2026-03-15T09:14:04.698929Z,20272,8,18,1,0,63
2026-03-15T09:14:05.702467Z,20272,7,11,1,0,63
2026-03-15T09:14:06.704711Z,20272,5,94,0,0,62
2026-03-15T09:14:07.708921Z,20272,4,88,0,0,62
2026-03-15T09:14:08.711975Z,20272,3,85,0,0,62
2026-03-15T09:14:09.715831Z,20272,2,82,0,1,63
2026-03-15T09:14:10.716111Z,20272,1,89,0,2,62
2026-03-15T09:14:11.718979Z,20272,1,16,0,2,60
2026-03-15T09:14:12.720779Z,20272,0,63,0,2,59
2026-03-15T09:14:13.723320Z,20272,0,30,0,2,57
2026-03-15T09:14:14.727106Z,20272,0,17,0,2,55
2026-03-15T09:14:15.733218Z,20272,0,24,0,2,54
2026-03-15T09:14:16.729530Z,20272,0,51,0,2,52
2026-03-15T09:14:17.731386Z,20272,0,98,0,2,51
2026-03-15T09:14:18.737214Z,20272,1,65,0,2,49
2026-03-15T09:14:19.741554Z,20272,2,52,0,1,47
2026-03-15T09:14:20.743469Z,20272,3,49,0,1,47
2026-03-15T09:14:21.748612Z,20272,4,57,0,0,46
2026-03-15T09:14:22.751510Z,20272,5,54,0,0,46
2026-03-15T09:14:23.750055Z,20272,6,41,0,0,46
2026-03-15T09:14:24.753318Z,20272,7,18,0,0,46
2026-03-15T09:14:25.754700Z,20272,7,85,1,0,46
2026-03-15T09:14:26.756410Z,20272,8,41,1,0,46
2026-03-15T09:14:27.759397Z,20272,8,89,2,0,45
2026-03-15T09:14:28.761952Z,20272,9,16,2,0,45
2026-03-15T09:14:29.763577Z,20272,9,23,2,0,44
2026-03-15T09:14:30.766259Z,20272,9,10,2,0,43
2026-03-15T09:14:31.767145Z,20272,8,77,2,0,42
2026-03-15T09:14:32.768810Z,20272,8,24,1,0,41
2026-03-15T09:14:33.773657Z,20272,7,61,1,0,41
2026-03-15T09:14:34.775551Z,20272,6,88,1,0,41
2026-03-15T09:14:35.778477Z,20272,6,05,0,0,40
2026-03-15T09:14:36.781934Z,20272,5,32,0,0,40
2026-03-15T09:14:37.783042Z,20272,4,70,0,0,40
2026-03-15T09:14:38.786083Z,20272,4,16,0,0,40
2026-03-15T09:14:39.789358Z,20272,3,74,0,0,41
2026-03-15T09:14:40.790248Z,20272,3,41,0,0,41
2026-03-15T09:14:41.791545Z,20272,3,18,0,0,41
2026-03-15T09:14:42.798188Z,20272,3,05,0,0,41
2026-03-15T09:14:43.799909Z,20272,3,02,0,0,41
2026-03-15T09:14:44.802784Z,20272,3,09,0,0,41
2026-03-15T09:14:45.803906Z,20272,3,26,0,0,41
2026-03-15T09:14:46.805861Z,20272,3,53,0,0,41
2026-03-15T09:14:47.807134Z,20272,3,90,0,0,41
2026-03-15T09:14:48.813505Z,20272,4,37,0,0,41
2026-03-15T09:14:49.813130Z,20272,4,94,0,0,42
2026-03-15T09:14:50.816919Z,20272,5,61,0,0,42
2026-03-15T09:14:51.817026Z,20272,6,38,0,0,42
2026-03-15T09:14:52.820792Z,20272,7,25,0,0,42
2026-03-15T09:14:53.824069Z,20272,8,23,1,0,42
2026-03-15T09:14:54.828238Z,20272,9,09,2,0,42
2026-03-15T09:14:55.830216Z,20272,9,77,2,0,41
2026-03-15T09:14:56.832105Z,20272,10,23,2,0,40
2026-03-15T09:14:57.836584Z,20272,10,51,2,0,39
2026-03-15T09:14:58.841506Z,20272,10,58,2,0,38
2026-03-15T09:14:59.839991Z,20272,10,45,2,0,38
2026-03-15T09:15:00.840447Z,20272,10,12,2,0,37
2026-03-15T09:15:01.843523Z,20272,9,59,2,0,36
2026-03-15T09:15:02.846654Z,20272,8,86,2,0,35
2026-03-15T09:15:03.849103Z,20272,7,93,1,0,34
2026-03-15T09:15:04.850865Z,20272,6,90,1,0,34
2026-03-15T09:15:05.852051Z,20272,5,77,0,0,34
2026-03-15T09:15:06.855214Z,20272,4,73,0,0,34
2026-03-15T09:15:07.857702Z,20272,3,69,0,0,34
2026-03-15T09:15:08.859710Z,20272,2,65,0,1,34
2026-03-15T09:15:09.862009Z,20272,1,71,0,2,33
2026-03-15T09:15:10.864041Z,20272,0,97,0,2,32
2026-03-15T09:15:11.866480Z,20272,0,43,0,2,30
2026-03-15T09:15:12.870556Z,20272,0,09,0,2,28
2026-03-15T09:15:13.872975Z,20272,-0,06,0,2,27
2026-03-15T09:15:14.874432Z,20272,0,00,0,2,25
2026-03-15T09:15:15.876080Z,20272,0,26,0,2,24
2026-03-15T09:15:16.879795Z,20272,0,72,0,2,22
2026-03-15T09:15:17.881637Z,20272,1,38,0,2,20
2026-03-15T09:15:18.888311Z,20272,2,24,0,1,19
2026-03-15T09:15:19.886998Z,20272,3,20,0,1,18
2026-03-15T09:15:20.888866Z,20272,4,26,0,0,17
2026-03-15T09:15:47.961657Z,46608,4,90,0,0,100
2026-03-15T09:15:48.942931Z,46608,4,70,0,0,100
2026-03-15T09:15:49.947672Z,46608,4,40,0,0,100
2026-03-15T09:15:50.947520Z,46608,4,00,0,0,100
2026-03-15T09:15:51.951123Z,46608,3,50,0,0,100
2026-03-15T09:15:52.954194Z,46608,2,90,0,1,100
2026-03-15T09:15:53.956742Z,46608,2,40,0,1,99
2026-03-15T09:15:54.959133Z,46608,2,00,0,2,98
2026-03-15T09:15:55.961170Z,46608,1,80,0,2,96
2026-03-15T09:15:56.963961Z,46608,1,80,0,2,95
2026-03-15T09:15:57.965976Z,46608,2,00,0,2,93
2026-03-15T09:15:58.968620Z,46608,2,40,0,1,92
2026-03-15T09:15:59.971800Z,46608,2,90,0,1,91
2026-03-15T09:16:00.975604Z,46608,3,50,0,1,90
2026-03-15T09:16:01.978007Z,46608,4,20,0,0,89
2026-03-15T09:16:02.979578Z,46608,4,80,0,0,89
2026-03-15T09:16:03.981536Z,46608,5,30,0,0,90
2026-03-15T09:16:04.986585Z,46608,5,70,0,0,90
2026-03-15T09:16:05.988928Z,46608,6,00,0,0,90
2026-03-15T09:16:06.992391Z,46608,6,20,0,0,90
2026-03-15T09:16:07.992337Z,46608,6,30,0,0,90
2026-03-15T09:16:08.996374Z,46608,6,30,0,0,91
2026-03-15T09:16:09.997244Z,46608,6,20,0,0,91
2026-03-15T09:16:10.997980Z,46608,6,00,0,0,91
2026-03-15T09:16:12.001689Z,46608,5,70,0,0,91
2026-03-15T09:16:13.004317Z,46608,5,30,0,0,91
2026-03-15T09:16:14.009126Z,46608,4,80,0,0,92
2026-03-15T09:16:15.012862Z,46608,4,20,0,0,92
2026-03-15T09:16:16.013493Z,46608,3,50,0,0,92
2026-03-15T09:16:17.015437Z,46608,2,70,0,1,92
2026-03-15T09:16:18.019522Z,46608,2,00,0,2,91
2026-03-15T09:16:19.019901Z,46608,1,50,0,2,90
2026-03-15T09:16:20.025351Z,46608,1,20,0,2,88
2026-03-15T09:16:21.027399Z,46608,1,10,0,2,87
2026-03-15T09:16:22.028296Z,46608,1,20,0,2,85
2026-03-15T09:16:23.030614Z,46608,1,50,0,2,83
2026-03-15T09:16:24.032123Z,46608,2,00,0,2,82
2026-03-15T09:16:25.041904Z,46608,2,70,0,1,80
2026-03-15T09:16:26.037517Z,46608,3,50,0,1,79
2026-03-15T09:16:27.040776Z,46608,4,40,0,0,79
2026-03-15T09:16:28.041950Z,46608,5,40,0,0,79
2026-03-15T09:16:29.045716Z,46608,6,46,0,0,79
2026-03-15T09:16:30.051853Z,46608,7,52,1,0,79
2026-03-15T09:16:31.058075Z,46608,8,48,1,0,79
2026-03-15T09:16:32.058071Z,46608,9,34,2,0,78
2026-03-15T09:16:33.062048Z,46608,10,01,2,0,78
2026-03-15T09:16:34.063479Z,46608,10,47,2,0,77
2026-03-15T09:16:35.066375Z,46608,10,73,2,0,76
2026-03-15T09:16:36.068860Z,46608,10,79,2,0,75
2026-03-15T09:16:37.066917Z,46608,10,65,2,0,74
2026-03-15T09:16:38.075421Z,46608,10,31,2,0,74
2026-03-15T09:16:39.075400Z,46608,9,77,2,0,73
2026-03-15T09:16:40.080715Z,46608,9,03,2,0,72
2026-03-15T09:16:41.082733Z,46608,8,09,1,0,71
2026-03-15T09:16:42.083514Z,46608,7,05,1,0,71
2026-03-15T09:16:43.083980Z,46608,5,91,0,0,70
2026-03-15T09:16:44.089172Z,46608,4,88,0,0,71
2026-03-15T09:16:45.089338Z,46608,3,94,0,0,71
2026-03-15T09:16:46.091406Z,46608,3,10,0,0,71
2026-03-15T09:16:47.094683Z,46608,2,36,0,1,71
2026-03-15T09:16:48.096435Z,46608,1,72,0,2,70
2026-03-15T09:16:49.096563Z,46608,1,28,0,2,69
2026-03-15T09:16:50.100837Z,46608,1,04,0,2,67
2026-03-15T09:16:51.102523Z,46608,1,00,0,2,66
2026-03-15T09:16:52.108523Z,46608,1,16,0,2,64
2026-03-15T09:16:53.109293Z,46608,1,52,0,2,62
2026-03-15T09:16:54.112414Z,46608,2,08,0,1,61
2026-03-15T09:16:55.118566Z,46608,2,74,0,1,60
2026-03-15T09:16:56.123194Z,46608,3,50,0,1,59
2026-03-15T09:16:57.127328Z,46608,4,36,0,0,58
2026-03-15T09:16:58.130063Z,46608,5,13,0,0,59
2026-03-15T09:16:59.133556Z,46608,5,79,0,0,59
2026-03-15T09:17:00.135823Z,46608,6,35,0,0,59
2026-03-15T09:17:01.150573Z,46608,6,81,0,0,59
2026-03-15T09:17:02.154179Z,46608,7,17,0,0,59
2026-03-15T09:17:03.153667Z,46608,7,43,0,0,60
2026-03-15T09:17:04.151559Z,46608,7,59,1,0,60
2026-03-15T09:17:05.161049Z,46608,7,65,1,0,59
2026-03-15T09:17:06.160425Z,46608,7,61,1,0,59
2026-03-15T09:17:07.163774Z,46608,7,47,1,0,59
2026-03-15T09:17:08.266831Z,46608,7,23,1,0,58
2026-03-15T09:17:09.162334Z,46608,6,89,1,0,58
2026-03-15T09:17:10.165209Z,46608,6,46,0,0,57
2026-03-15T09:17:11.167740Z,46608,6,12,0,0,58
2026-03-15T09:17:12.168956Z,46608,5,88,0,0,58
2026-03-15T09:17:13.171199Z,46608,5,74,0,0,58
2026-03-15T09:17:14.174458Z,46608,5,70,0,0,58
2026-03-15T09:17:15.175631Z,46608,5,76,0,0,58
2026-03-15T09:17:16.179222Z,46608,5,92,0,0,59
2026-03-15T09:17:17.183697Z,46608,6,18,0,0,59
2026-03-15T09:17:18.187086Z,46608,6,54,0,0,59
2026-03-15T09:17:19.189476Z,46608,7,00,0,0,59
2026-03-15T09:17:20.189258Z,46608,7,57,1,0,59
2026-03-15T09:17:21.195456Z,46608,8,02,1,0,59
2026-03-15T09:17:22.195109Z,46608,8,39,1,0,59
2026-03-15T09:17:23.198941Z,46608,8,65,2,0,58
2026-03-15T09:17:24.199558Z,46608,8,71,2,0,57
2026-03-15T09:17:25.205404Z,46608,8,57,2,0,57
2026-03-15T09:17:26.205005Z,46608,8,23,1,0,56
2026-03-15T09:17:27.208408Z,46608,7,79,1,0,55
2026-03-15T09:17:28.210345Z,46608,7,25,1,0,55
2026-03-15T09:17:29.212631Z,46608,6,61,1,0,55
2026-03-15T09:17:30.218271Z,46608,5,88,0,0,54
2026-03-15T09:17:31.221608Z,46608,5,23,0,0,54
2026-03-15T09:17:32.222799Z,46608,4,70,0,0,55
2026-03-15T09:17:33.224694Z,46608,4,26,0,0,55
2026-03-15T09:17:34.231260Z,46608,3,92,0,0,55
2026-03-15T09:17:35.230044Z,46608,3,68,0,0,55
2026-03-15T09:17:36.232768Z,46608,3,54,0,0,55
2026-03-15T09:17:37.234437Z,46608,3,50,0,0,56
2026-03-15T09:17:38.238387Z,46608,3,56,0,0,56
2026-03-15T09:17:39.242167Z,46608,3,72,0,0,56
2026-03-15T09:17:40.244223Z,46608,3,98,0,0,56
2026-03-15T09:17:41.246734Z,46608,4,34,0,0,56
2026-03-15T09:17:42.254158Z,46608,4,80,0,0,57
2026-03-15T09:17:43.250546Z,46608,5,36,0,0,57
2026-03-15T09:17:44.253224Z,46608,6,03,0,0,57
2026-03-15T09:17:45.255366Z,46608,6,73,0,0,57
2026-03-15T09:17:46.274637Z,46608,7,43,0,0,57
2026-03-15T09:17:47.260267Z,46608,8,13,1,0,58
2026-03-15T09:17:48.264709Z,46608,8,73,2,0,57
2026-03-15T09:17:49.265789Z,46608,9,13,2,0,56
2026-03-15T09:17:50.269709Z,46608,9,34,2,0,56
2026-03-15T09:17:51.270097Z,46608,9,34,2,0,55
2026-03-15T09:17:52.274519Z,46608,9,14,2,0,54
2026-03-15T09:17:53.276518Z,46608,8,74,2,0,53
2026-03-15T09:17:54.280182Z,46608,8,14,1,0,52
2026-03-15T09:17:55.286606Z,46608,7,45,1,0,52
2026-03-15T09:17:56.283872Z,46608,6,65,1,0,52
2026-03-15T09:17:57.285772Z,46608,5,75,0,0,51
2026-03-15T09:17:58.288501Z,46608,4,95,0,0,51
2026-03-15T09:17:59.289188Z,46608,4,25,0,0,52
2026-03-15T09:18:00.291071Z,46608,3,65,0,0,52
2026-03-15T09:18:01.293217Z,46608,3,16,0,0,52
2026-03-15T09:18:02.353095Z,46608,2,76,0,1,52
2026-03-15T09:18:03.328165Z,46608,2,46,0,1,51
2026-03-15T09:18:04.341752Z,46608,2,26,0,1,51
2026-03-15T09:18:05.304319Z,46608,2,16,0,1,50
2026-03-15T09:18:06.308678Z,46608,2,16,0,1,49
2026-03-15T09:18:07.310861Z,46608,2,27,0,1,48
2026-03-15T09:18:08.312313Z,46608,2,47,0,1,47
2026-03-15T09:18:09.315065Z,46608,2,77,0,1,47
2026-03-15T09:18:10.324564Z,46608,3,17,0,1,46
2026-03-15T09:18:11.320057Z,46608,3,67,0,1,45
2026-03-15T09:18:12.322412Z,46608,4,27,0,0,44
2026-03-15T09:18:13.325372Z,46608,4,98,0,0,44
2026-03-15T09:18:14.330748Z,46608,5,78,0,0,45
2026-03-15T09:18:15.331131Z,46608,6,68,0,0,45
2026-03-15T09:18:16.334628Z,46608,7,68,1,0,45
2026-03-15T09:18:17.336392Z,46608,8,59,2,0,45
2026-03-15T09:18:18.339794Z,46608,9,29,2,0,44
2026-03-15T09:18:19.340524Z,46608,9,79,2,0,43
2026-03-15T09:18:20.355526Z,46608,10,09,2,0,42
2026-03-15T09:18:21.343488Z,46608,10,19,2,0,41
2026-03-15T09:18:22.348349Z,46608,10,09,2,0,41
2026-03-15T09:18:23.351053Z,46608,9,80,2,0,40
2026-03-15T09:18:24.351996Z,46608,9,30,2,0,39
2026-03-15T09:18:25.354486Z,46608,8,60,2,0,38
2026-03-15T09:18:26.358840Z,46608,7,70,1,0,37
2026-03-15T09:18:27.360705Z,46608,6,70,1,0,37
2026-03-15T09:18:28.361556Z,46608,5,60,0,0,37
2026-03-15T09:19:46.291578Z,33760,4,90,0,0,100
2026-03-15T09:19:47.271828Z,33760,4,70,0,0,100
2026-03-15T09:19:48.272776Z,33760,4,40,0,0,100
2026-03-15T09:19:49.275526Z,33760,4,00,0,0,100
2026-03-15T09:19:50.280227Z,33760,3,50,0,0,100
2026-03-15T09:19:51.280093Z,33760,2,90,0,1,100
2026-03-15T09:19:52.281200Z,33760,2,40,0,1,99
2026-03-15T09:19:53.281510Z,33760,2,00,0,2,98
2026-03-15T09:19:54.284668Z,33760,1,80,0,2,96
2026-03-15T09:19:55.284236Z,33760,1,80,0,2,95
2026-03-15T09:19:56.292290Z,33760,2,00,0,2,93
2026-03-15T09:19:57.291800Z,33760,2,40,0,1,92
2026-03-15T09:19:58.298375Z,33760,2,90,0,1,91
2026-03-15T09:19:59.298437Z,33760,3,50,0,1,90
2026-03-15T09:20:00.299808Z,33760,4,20,0,0,89
2026-03-15T09:20:01.325047Z,33760,5,00,0,0,89
2026-03-15T09:20:02.304439Z,33760,5,90,0,0,90
2026-03-15T09:20:03.311452Z,33760,6,90,0,0,90
2026-03-15T09:20:04.325509Z,33760,8,00,1,0,90
2026-03-15T09:20:05.330017Z,33760,9,00,2,0,90
2026-03-15T09:20:06.318375Z,33760,9,80,2,0,89
2026-03-15T09:20:07.317305Z,33760,10,40,2,0,88
2026-03-15T09:20:08.317087Z,33760,10,80,2,0,88
2026-03-15T09:20:09.319867Z,33760,11,00,2,0,87
2026-03-15T09:20:10.346013Z,33760,11,00,2,0,86
2026-03-15T09:20:11.326527Z,33760,10,80,2,0,85
2026-03-15T09:20:12.718208Z,33760,10,40,2,0,84
2026-03-15T09:20:13.333313Z,33760,9,80,2,0,84
2026-03-15T09:20:14.335058Z,33760,9,00,2,0,83
2026-03-15T09:20:15.337587Z,33760,8,00,1,0,82
2026-03-15T09:20:16.343225Z,33760,6,90,1,0,82
2026-03-15T09:20:17.359281Z,33760,5,70,0,0,81
2026-03-15T09:20:18.344814Z,33760,4,60,0,0,81
2026-03-15T09:20:19.350310Z,33760,3,60,0,0,82
2026-03-15T09:20:20.349999Z,33760,2,70,0,1,82
2026-03-15T09:20:21.350483Z,33760,1,90,0,2,81
2026-03-15T09:20:22.352463Z,33760,1,30,0,2,80
2026-03-15T09:20:23.359263Z,33760,0,90,0,2,78
2026-03-15T09:20:24.356154Z,33760,0,70,0,2,76
2026-03-15T09:20:25.357027Z,33760,0,70,0,2,75
2026-03-15T09:20:26.359133Z,33760,0,90,0,2,73
2026-03-15T09:20:27.364118Z,33760,1,30,0,2,72
2026-03-15T09:20:28.364259Z,33760,1,90,0,2,70
2026-03-15T09:20:29.365618Z,33760,2,70,0,1,68
2026-03-15T09:20:30.364378Z,33760,3,60,0,1,68
2026-03-15T09:20:31.365115Z,33760,4,60,0,0,67
2026-03-15T09:20:32.369265Z,33760,5,70,0,0,67
2026-03-15T09:20:33.386457Z,33760,6,90,0,0,67
2026-03-15T09:20:34.371666Z,33760,8,10,1,0,68
2026-03-15T09:20:35.374830Z,33760,9,20,2,0,67
2026-03-15T09:20:36.374468Z,33760,10,11,2,0,67
2026-03-15T09:20:37.410163Z,33760,10,81,2,0,66
2026-03-15T09:20:38.387649Z,33760,11,31,2,0,65
2026-03-15T09:20:39.384739Z,33760,11,62,2,0,64
2026-03-15T09:20:40.385253Z,33760,11,72,2,0,63
2026-03-15T09:20:41.388326Z,33760,11,63,2,0,63
2026-03-15T09:20:42.394604Z,33760,11,33,2,0,62
2026-03-15T09:20:43.397580Z,33760,10,83,2,0,61
2026-03-15T09:20:44.406748Z,33760,10,13,2,0,60
2026-03-15T09:20:45.408425Z,33760,9,23,2,0,59
2026-03-15T09:20:46.442936Z,33760,8,14,1,0,59
2026-03-15T09:20:47.409315Z,33760,6,95,1,0,58
2026-03-15T09:20:48.408297Z,33760,5,65,0,0,58
2026-03-15T09:20:49.415029Z,33760,4,45,0,0,58
2026-03-15T09:20:50.420674Z,33760,3,35,0,0,58
2026-03-15T09:20:51.421256Z,33760,2,36,0,1,59
2026-03-15T09:20:52.413118Z,33760,1,46,0,2,58
2026-03-15T09:20:53.415188Z,33760,0,76,0,2,56
2026-03-15T09:20:54.497293Z,33760,0,27,0,2,55
2026-03-15T09:20:55.433861Z,33760,-0,03,0,2,53
2026-03-15T09:20:56.420885Z,33760,-0,13,0,2,51
2026-03-15T09:20:57.423519Z,33760,-0,02,0,2,50
2026-03-15T09:20:58.432980Z,33760,0,28,0,2,48
2026-03-15T09:20:59.427098Z,33760,0,78,0,2,47
2026-03-15T09:21:00.428102Z,33760,1,48,0,2,45
2026-03-15T09:21:01.431515Z,33760,2,39,0,1,43
2026-03-15T09:21:02.433028Z,33760,3,39,0,1,43
2026-03-15T09:21:03.441455Z,33760,4,49,0,0,42
2026-03-15T09:21:04.453309Z,33760,5,70,0,0,42
2026-03-15T09:21:05.441732Z,33760,6,95,0,0,42
2026-03-15T09:21:06.451176Z,33760,8,21,1,0,43
2026-03-15T09:21:07.447289Z,33760,9,37,2,0,42
2026-03-15T09:21:08.447401Z,33760,10,33,2,0,42
2026-03-15T09:21:09.469839Z,33760,11,09,2,0,41
2026-03-15T09:21:10.447596Z,33760,11,64,2,0,40
2026-03-15T09:21:11.455632Z,33760,12,00,2,0,39
2026-03-15T09:21:12.455406Z,33760,12,16,2,0,38
2026-03-15T09:21:13.458351Z,33760,12,12,2,0,38
2026-03-15T09:21:14.462301Z,33760,11,88,2,0,37
2026-03-15T09:21:15.471271Z,33760,11,44,2,0,36
2026-03-15T09:21:16.480626Z,33760,10,79,2,0,35
2026-03-15T09:21:17.471486Z,33760,9,95,2,0,34
2026-03-15T09:21:18.470513Z,33760,8,91,2,0,34
2026-03-15T09:21:19.469267Z,33760,7,66,1,0,33
2026-03-15T09:21:20.475398Z,33760,6,32,0,0,32
2026-03-15T09:21:21.478951Z,33760,5,08,0,0,33
2026-03-15T09:21:22.479523Z,33760,3,94,0,0,33
2026-03-15T09:21:23.483211Z,33760,2,90,0,1,33
2026-03-15T09:21:24.491708Z,33760,1,96,0,2,32
2026-03-15T09:21:25.489806Z,33760,1,21,0,2,31
2026-03-15T09:21:26.491529Z,33760,0,67,0,2,29
2026-03-15T09:21:27.493604Z,33760,0,33,0,2,28
2026-03-15T09:21:28.495834Z,33760,0,19,0,2,26
2026-03-15T09:21:29.499014Z,33760,0,24,0,2,24
2026-03-15T09:21:30.501767Z,33760,0,50,0,2,23
2026-03-15T09:21:31.509374Z,33760,0,96,0,2,21
2026-03-15T09:21:32.505837Z,33760,1,62,0,2,20
2026-03-15T09:21:33.510002Z,33760,2,48,0,1,18
2026-03-15T09:21:34.515130Z,33760,3,43,0,1,17
2026-03-15T09:21:35.513142Z,33760,4,49,0,0,16
2026-03-15T09:21:36.521180Z,33760,5,65,0,0,17
2026-03-15T09:21:37.518792Z,33760,6,91,0,0,17
2026-03-15T09:21:38.523139Z,33760,8,19,1,0,17
2026-03-15T09:21:39.521496Z,33760,9,37,2,0,17
2026-03-15T09:21:40.526234Z,33760,10,34,2,0,16
2026-03-15T09:21:41.530603Z,33760,11,13,2,0,15
2026-03-15T09:21:42.529602Z,33760,11,70,2,0,15
2026-03-15T09:21:43.533930Z,33760,12,09,2,0,14
2026-03-15T09:21:44.533955Z,33760,12,27,2,0,13
2026-03-15T09:21:45.538890Z,33760,12,25,2,0,12
2026-03-15T09:21:46.538376Z,33760,12,02,2,0,11
2026-03-15T09:21:47.541861Z,33760,11,61,2,0,11
2026-03-15T09:21:48.545871Z,33760,10,98,2,0,10
2026-03-15T09:21:49.545578Z,33760,10,16,1,0,9
2026-03-15T09:21:50.548902Z,33760,9,24,1,0,9
2026-03-15T09:21:51.555232Z,33760,8,23,1,0,8
2026-03-15T09:21:52.564169Z,33760,7,11,1,0,8
2026-03-15T09:21:53.558900Z,33760,5,89,0,0,7
2026-03-15T09:21:54.558636Z,33760,4,77,0,0,8
2026-03-15T09:21:55.566723Z,33760,3,74,0,0,8
2026-03-15T09:21:56.565112Z,33760,2,82,0,1,8
2026-03-15T09:21:57.562227Z,33760,2,00,0,1,7
2026-03-15T09:21:58.564835Z,33760,1,28,0,1,7
2026-03-15T09:21:59.567426Z,33760,0,66,0,1,6
2026-03-15T09:22:00.569557Z,33760,0,14,0,1,5
2026-03-15T09:22:01.571091Z,33760,-0,28,0,1,4
2026-03-15T09:22:02.577488Z,33760,-0,60,0,1,3
2026-03-15T09:22:03.575798Z,33760,-0,82,0,1,3
2026-03-15T09:22:04.580006Z,33760,-0,94,0,1,2
2026-03-15T09:22:05.581072Z,33760,-0,96,0,1,1
2026-03-15T09:22:06.593966Z,33760,-0,88,0,1,0
2026-03-15T09:22:07.583562Z,33760,-0,70,0,1,1
2026-03-15T09:22:08.585268Z,33760,-0,42,0,1,0
2026-03-15T09:22:09.587778Z,33760,-0,04,0,0,0
2026-03-15T09:22:10.588891Z,33760,0,44,0,0,0
2026-03-15T09:22:11.595563Z,33760,1,02,0,1,1
2026-03-15T09:22:12.594673Z,33760,1,70,0,1,0
2026-03-15T09:22:13.597067Z,33760,2,28,0,0,0
2026-03-15T09:22:14.599267Z,33760,2,76,0,0,0
2026-03-15T09:22:15.604523Z,33760,3,14,0,0,1
2026-03-15T09:22:16.617912Z,33760,3,42,0,0,1
2026-03-15T09:22:17.742282Z,33760,3,60,0,0,1
2026-03-15T09:22:18.611122Z,33760,3,68,0,0,2
2026-03-15T09:22:19.614635Z,33760,3,66,0,0,2
2026-03-15T09:22:20.612665Z,33760,3,54,0,0,2
2026-03-15T09:22:21.619157Z,33760,3,32,0,0,3
2026-03-15T09:22:22.631327Z,33760,3,00,0,1,3
2026-03-15T09:22:24.133168Z,33760,2,78,0,1,2
2026-03-15T09:22:24.618542Z,33760,2,66,0,1,1
2026-03-15T09:22:25.630191Z,33760,2,64,0,1,0
2026-03-15T09:22:26.628330Z,33760,2,72,0,1,1
2026-03-15T09:22:27.628805Z,33760,2,90,0,1,0
2026-03-15T09:22:28.627887Z,33760,3,18,0,0,0
2026-03-15T09:22:29.631520Z,33760,3,56,0,0,1
2026-03-15T09:22:30.632516Z,33760,4,04,0,0,1
2026-03-15T09:22:31.634581Z,33760,4,62,0,0,1
2026-03-15T09:22:32.633335Z,33760,5,30,0,0,1
2026-03-15T09:22:33.635795Z,33760,6,08,0,0,2
2026-03-15T09:22:34.640750Z,33760,6,96,0,0,2
2026-03-15T09:22:35.640361Z,33760,7,88,1,0,2
2026-03-15T09:22:36.644504Z,33760,8,70,1,0,2
2026-03-15T09:22:37.648609Z,33760,9,43,1,0,2
2026-03-15T09:22:38.664837Z,33760,10,05,1,0,1
2026-03-15T09:22:39.674198Z,33760,10,58,1,0,1
2026-03-15T09:22:40.665642Z,33760,11,00,0,0,0
2026-03-15T09:22:41.658125Z,33760,11,33,1,0,1
2026-03-15T09:22:42.660612Z,33760,11,55,1,0,0
2026-03-15T09:22:43.655755Z,33760,11,67,1,0,1
2026-03-15T09:22:44.662774Z,33760,11,70,1,0,0
2026-03-15T09:22:45.662500Z,33760,11,82,0,0,0
2026-03-15T09:22:46.669691Z,33760,12,05,1,0,1
2026-03-15T09:22:47.668285Z,33760,12,16,1,0,0
2026-03-15T09:22:48.669837Z,33760,12,39,1,0,1
2026-03-15T09:22:49.675863Z,33760,12,52,1,0,0
2026-03-15T09:22:50.673286Z,33760,12,74,1,0,1
2026-03-15T09:22:51.676406Z,33760,12,86,1,0,0
2026-03-15T09:22:52.744966Z,33760,12,88,0,0,0
2026-03-15T09:22:53.688754Z,33760,12,81,1,0,1
2026-03-15T09:22:54.682230Z,33760,12,63,1,0,0
2026-03-15T09:22:55.838418Z,33760,12,55,1,0,1
2026-03-15T09:22:56.690214Z,33760,12,38,1,0,0
2026-03-15T09:22:57.689590Z,33760,12,11,1,0,1
2026-03-15T09:22:58.693276Z,33760,11,73,1,0,0
2026-03-15T09:22:59.699708Z,33760,11,25,0,0,0
2026-03-15T09:23:00.715584Z,33760,10,68,1,0,1
2026-03-15T09:23:01.702735Z,33760,10,00,1,0,0
2026-03-15T09:23:02.702371Z,33760,9,23,1,0,1
2026-03-15T09:23:03.704173Z,33760,8,35,1,0,0
2026-03-15T09:23:04.709977Z,33760,7,52,1,0,1
2026-03-15T09:23:05.709111Z,33760,6,58,0,0,0
2026-03-15T09:23:06.714097Z,33760,5,54,0,0,0
2026-03-15T09:23:07.725854Z,33760,4,41,0,0,1
2026-03-15T09:23:08.715096Z,33760,3,21,0,0,1
2026-03-15T09:23:09.717131Z,33760,2,01,0,1,1
2026-03-15T09:23:10.718637Z,33760,0,91,0,1,1
2026-03-15T09:23:11.720719Z,33760,-0,09,0,1,0
2026-03-15T09:23:12.728072Z,33760,-0,99,0,0,0
2026-03-15T09:23:13.729712Z,33760,-1,79,0,0,0
2026-03-15T09:23:14.731845Z,33760,-2,49,0,1,1
2026-03-15T09:23:15.733227Z,33760,-3,09,0,0,0
2026-03-15T09:23:16.735617Z,33760,-3,79,0,0,0
2026-03-15T09:23:17.737364Z,33760,-4,59,0,0,0
2026-03-15T09:23:18.737491Z,33760,-5,49,0,1,1
2026-03-15T09:23:19.742533Z,33760,-6,29,0,1,0
2026-03-15T09:23:20.740919Z,33760,-6,99,0,0,0
2026-03-15T09:23:21.741535Z,33760,-7,59,0,1,1
2026-03-15T09:23:22.748046Z,33760,-8,09,0,1,0
2026-03-15T09:23:23.753291Z,33760,-8,49,0,0,0
2026-03-15T09:23:24.752761Z,33760,-8,80,0,0,0
2026-03-15T09:23:25.756578Z,33760,-8,99,0,1,1
2026-03-15T09:23:26.763169Z,33760,-9,09,0,1,0
2026-03-15T09:23:27.759580Z,33760,-9,30,0,0,0
2026-03-15T09:23:28.761062Z,33760,-9,59,0,0,0
2026-03-15T09:23:29.763591Z,33760,-10,00,0,1,1
2026-03-15T09:23:30.766291Z,33760,-10,30,0,1,0
2026-03-15T09:23:31.766837Z,33760,-10,50,0,0,0
2026-03-15T09:23:32.784482Z,33760,-10,59,0,1,1
2026-03-15T09:23:33.770454Z,33760,-10,59,0,1,0
2026-03-15T09:23:34.775571Z,33760,-10,70,0,0,0
2026-03-15T09:23:35.775699Z,33760,-10,90,0,0,0
2026-03-15T09:23:36.778824Z,33760,-11,20,0,1,1
2026-03-15T09:23:37.782159Z,33760,-11,40,0,1,0
2026-03-15T09:23:38.783372Z,33760,-11,70,0,0,0
2026-03-15T09:23:39.784380Z,33760,-12,10,0,0,0
2026-03-15T09:23:40.789218Z,33760,-12,60,0,1,1
2026-03-15T09:23:41.790455Z,33760,-13,00,0,1,0
2026-03-15T09:23:42.791436Z,33760,-13,30,0,0,0
2026-03-15T09:23:43.794972Z,33760,-13,50,0,1,1
2026-03-15T09:23:44.796400Z,33760,-13,60,0,1,0
2026-03-15T09:23:45.799133Z,33760,-13,80,0,0,0
2026-03-15T09:23:46.800046Z,33760,-14,10,0,0,0
2026-03-15T09:23:47.805286Z,33760,-14,50,0,1,1
2026-03-15T09:23:48.803282Z,33760,-14,80,0,1,0
2026-03-15T09:23:49.808803Z,33760,-15,00,0,0,0
2026-03-15T09:23:50.809175Z,33760,-15,10,0,0,0
2026-03-15T09:23:51.812423Z,33760,-15,10,0,1,1
2026-03-15T09:23:52.813741Z,33760,-15,00,0,1,0
2026-03-15T09:23:53.817218Z,33760,-15,00,0,0,0
2026-03-15T09:23:54.817431Z,33760,-15,10,0,1,1
2026-03-15T09:23:55.819064Z,33760,-15,10,0,1,0
2026-03-15T09:23:56.821064Z,33760,-15,00,0,0,0
2026-03-15T09:23:57.828863Z,33760,-14,80,0,0,0
2026-03-15T09:23:58.826172Z,33760,-14,51,0,1,1
2026-03-15T09:23:59.836224Z,33760,-14,10,0,0,0
2026-03-15T09:24:00.830413Z,33760,-13,80,0,0,0
2026-03-15T09:24:01.830979Z,33760,-13,60,0,0,0
2026-03-15T09:24:02.833927Z,33760,-13,51,0,1,1
2026-03-15T09:24:03.837462Z,33760,-13,30,0,1,0
2026-03-15T09:24:04.839291Z,33760,-13,01,0,0,0
2026-03-15T09:24:05.875246Z,33760,-12,61,0,1,1
2026-03-15T09:24:06.847141Z,33760,-12,11,0,0,0
2026-03-15T09:24:07.847725Z,33760,-11,70,0,0,0
2026-03-15T09:24:08.851234Z,33760,-11,41,0,0,0
2026-03-15T09:24:09.852657Z,33760,-11,21,0,1,1
2026-03-15T09:24:10.850626Z,33760,-10,91,0,1,0
2026-03-15T09:24:11.852055Z,33760,-10,71,0,0,0
2026-03-15T09:24:12.855180Z,33760,-10,61,0,0,0
2026-03-15T09:24:13.860591Z,33760,-10,61,0,1,1
2026-03-15T09:24:14.860378Z,33760,-10,51,0,1,0
2026-03-15T09:24:15.863668Z,33760,-10,31,0,0,0
2026-03-15T09:24:16.865385Z,33760,-10,01,0,1,1
2026-03-15T09:24:17.870044Z,33760,-9,61,0,1,0
2026-03-15T09:24:18.868695Z,33760,-9,11,0,0,0
2026-03-15T09:24:19.870079Z,33760,-8,51,0,0,0
2026-03-15T09:24:20.871940Z,33760,-7,81,0,1,1
2026-03-15T09:24:21.874088Z,33760,-7,01,0,1,0
2026-03-15T09:24:22.876778Z,33760,-6,31,0,0,0
2026-03-15T09:24:23.879034Z,33760,-5,71,0,0,0
2026-03-15T09:24:24.885938Z,33760,-5,21,0,1,1
2026-03-15T09:24:25.882958Z,33760,-4,61,0,1,0
2026-03-15T09:24:26.885468Z,33760,-4,11,0,0,0
2026-03-15T09:24:27.887134Z,33760,-3,71,0,1,1
2026-03-15T09:24:28.889766Z,33760,-3,21,0,1,0
2026-03-15T09:24:29.895190Z,33760,-2,81,0,0,0
2026-03-15T09:24:30.895082Z,33760,-2,51,0,0,0
2026-03-15T09:24:31.897334Z,33760,-2,31,0,1,1
2026-03-15T09:24:32.900204Z,33760,-2,01,0,1,0
2026-03-15T09:24:33.912600Z,33760,-1,61,0,0,0
2026-03-15T09:24:34.906960Z,33760,-1,11,0,0,0
2026-03-15T09:24:35.910026Z,33760,-0,51,0,1,1
2026-03-15T09:24:36.915736Z,33760,0,19,0,1,0
2026-03-15T09:24:37.915806Z,33760,0,99,0,0,0
2026-03-15T09:24:38.919027Z,33760,1,88,0,1,1
2026-03-15T09:24:39.920591Z,33760,2,88,0,1,0
2026-03-15T09:24:40.922365Z,33760,3,79,0,0,0
2026-03-15T09:24:41.925091Z,33760,4,59,0,0,0
2026-03-15T09:24:42.928892Z,33760,5,29,0,0,1
2026-03-15T09:24:43.928292Z,33760,5,88,0,0,1
2026-03-15T09:24:44.929532Z,33760,6,38,0,0,1
2026-03-15T09:24:45.933719Z,33760,6,78,0,0,2
2026-03-15T09:24:46.950452Z,33760,7,08,0,0,2
2026-03-15T09:24:47.943598Z,33760,7,28,0,0,2
2026-03-15T09:24:48.947737Z,33760,7,38,0,0,2
2026-03-15T09:24:49.948558Z,33760,7,38,0,0,3
2026-03-15T09:24:50.950634Z,33760,7,28,0,0,3
2026-03-15T09:24:51.954829Z,33760,7,08,0,0,3
2026-03-15T09:24:52.956709Z,33760,6,78,0,0,4
2026-03-15T09:24:53.960052Z,33760,6,38,0,0,4
2026-03-15T09:24:54.960817Z,33760,5,88,0,0,4
2026-03-15T09:24:55.965346Z,33760,5,28,0,0,5
2026-03-15T09:24:56.972322Z,33760,4,58,0,0,5
2026-03-15T09:24:57.971236Z,33760,3,87,0,0,5
2026-03-15T09:24:58.974792Z,33760,3,15,0,0,5
2026-03-15T09:24:59.975269Z,33760,2,44,0,1,6
2026-03-15T09:25:00.977222Z,33760,1,83,0,1,5
2026-03-15T09:25:01.983802Z,33760,1,32,0,1,4
2026-03-15T09:25:02.985755Z,33760,0,90,0,1,3
2026-03-15T09:25:03.986885Z,33760,0,59,0,1,3
2026-03-15T09:25:04.988859Z,33760,0,38,0,1,2
2026-03-15T09:25:05.990994Z,33760,0,27,0,1,1
2026-03-15T09:25:06.993821Z,33760,0,25,0,1,0
2026-03-15T09:25:07.997762Z,33760,0,14,0,0,0
2026-03-15T09:25:08.998661Z,33760,-0,07,0,1,1
2026-03-15T09:25:10.001662Z,33760,-0,19,0,0,0
2026-03-15T09:25:11.001649Z,33760,-0,40,0,0,0
2026-03-15T09:25:12.009434Z,33760,-0,71,0,1,1
2026-03-15T09:25:13.007691Z,33760,-0,92,0,1,0
2026-03-15T09:25:14.011122Z,33760,-1,24,0,0,0
2026-03-15T09:25:15.012065Z,33760,-1,65,0,0,0
2026-03-15T09:25:16.013118Z,33760,-2,16,0,1,1
2026-03-15T09:25:17.013796Z,33760,-2,57,0,1,0
2026-03-15T09:25:18.022005Z,33760,-2,89,0,0,0
2026-03-15T09:25:19.024578Z,33760,-3,10,0,0,0
2026-03-15T09:25:20.024029Z,33760,-3,21,0,1,1
2026-03-15T09:25:21.029726Z,33760,-3,22,0,1,0
2026-03-15T09:25:22.034657Z,33760,-3,34,0,0,0
2026-03-15T09:25:23.038847Z,33760,-3,55,0,1,1
2026-03-15T09:25:24.040366Z,33760,-3,66,0,0,0
2026-03-15T09:25:25.043218Z,33760,-3,88,0,0,0
2026-03-15T09:25:26.052034Z,33760,-4,19,0,0,0
2026-03-15T09:25:27.049490Z,33760,-4,60,0,1,1
2026-03-15T09:25:28.056890Z,33760,-4,91,0,1,0
2026-03-15T09:25:29.057621Z,33760,-5,33,0,0,0
2026-03-15T09:25:30.060257Z,33760,-5,84,0,0,0
2026-03-15T09:25:31.065135Z,33760,-6,45,0,1,1
2026-03-15T09:25:32.068673Z,33760,-6,96,0,0,0
2026-03-15T09:25:33.070449Z,33760,-7,58,0,0,0
2026-03-15T09:25:34.075135Z,33760,-8,29,0,1,1
2026-03-15T09:25:35.074584Z,33760,-8,91,0,0,0
2026-03-15T09:25:36.075902Z,33760,-9,41,0,0,0
2026-03-15T09:25:37.082378Z,33760,-9,83,0,0,0
2026-03-15T09:25:38.085106Z,33760,-10,14,0,1,1
2026-03-15T09:25:39.083344Z,33760,-10,35,0,0,0
2026-03-15T09:25:40.085389Z,33760,-10,47,0,0,0
2026-03-15T09:25:41.086985Z,33760,-10,48,0,0,0
2026-03-15T09:25:42.090292Z,33760,-10,39,0,1,1
2026-03-15T09:25:43.093909Z,33760,-10,20,0,1,0
2026-03-15T09:25:44.095757Z,33760,-9,91,0,0,0
2026-03-15T09:25:45.096266Z,33760,-9,53,0,1,1
2026-03-15T09:25:46.099178Z,33760,-9,04,0,1,0
2026-03-15T09:25:47.100729Z,33760,-8,66,0,0,0
2026-03-15T09:25:48.107894Z,33760,-8,37,0,0,0
2026-03-15T09:25:49.109600Z,33760,-8,18,0,1,1
2026-03-15T09:25:50.114360Z,33760,-7,89,0,1,0
2026-03-15T09:25:51.114219Z,33760,-7,71,0,0,0
2026-03-15T09:25:52.117283Z,33760,-7,62,0,0,0
2026-03-15T09:25:53.121247Z,33760,-7,63,0,1,1
2026-03-15T09:25:54.122824Z,33760,-7,54,0,1,0
2026-03-15T09:25:55.126292Z,33760,-7,56,0,0,0
2026-03-15T09:25:56.126466Z,33760,-7,67,0,1,1
2026-03-15T09:25:57.128716Z,33760,-7,68,0,1,0
2026-03-15T09:25:58.132539Z,33760,-7,59,0,0,0
2026-03-15T09:25:59.134659Z,33760,-7,41,0,0,0
2026-03-15T09:26:00.140025Z,33760,-7,12,0,1,1
2026-03-15T09:26:01.144192Z,33760,-6,73,0,1,0
2026-03-15T09:26:02.165590Z,33760,-6,25,0,0,0
2026-03-15T09:26:03.145305Z,33760,-5,66,0,0,0
2026-03-15T09:26:04.149416Z,33760,-4,97,0,1,1
2026-03-15T09:26:05.153394Z,33760,-4,18,0,0,0
2026-03-15T09:26:06.154548Z,33760,-3,30,0,0,0
2026-03-15T09:26:07.161825Z,33760,-2,39,0,1,1
2026-03-15T09:26:08.161704Z,33760,-1,39,0,0,0
2026-03-15T09:26:09.163962Z,33760,-0,48,0,0,0
2026-03-15T09:26:10.167531Z,33760,0,32,0,0,0
2026-03-15T09:26:11.169673Z,33760,1,03,0,1,1
2026-03-15T09:26:12.169783Z,33760,1,83,0,1,0
2026-03-15T09:26:13.171986Z,33760,2,54,0,0,0
2026-03-15T09:26:14.174878Z,33760,3,14,0,0,0
2026-03-15T09:26:15.176491Z,33760,3,65,0,0,1
2026-03-15T09:26:16.180258Z,33760,4,05,0,0,1
2026-03-15T09:26:17.183596Z,33760,4,36,0,0,1
2026-03-15T09:26:18.187099Z,33760,4,56,0,0,2
2026-03-15T09:26:19.190757Z,33760,4,67,0,0,2
2026-03-15T09:26:20.192629Z,33760,4,68,0,0,2
2026-03-15T09:26:21.194391Z,33760,4,58,0,0,3
2026-03-15T09:26:22.200730Z,33760,4,38,0,0,3
2026-03-15T09:26:23.198611Z,33760,4,09,0,0,3
2026-03-15T09:26:24.201346Z,33760,3,70,0,0,3
2026-03-15T09:26:25.203432Z,33760,3,20,0,0,4
2026-03-15T09:26:26.205442Z,33760,2,61,0,1,4
2026-03-15T09:26:27.208885Z,33760,2,11,0,1,3
2026-03-15T09:26:28.211367Z,33760,1,71,0,1,2
2026-03-15T09:26:29.212940Z,33760,1,42,0,1,2
2026-03-15T09:26:30.214253Z,33760,1,23,0,1,1
2026-03-15T09:26:31.217548Z,33760,1,13,0,0,0
2026-03-15T09:26:32.219538Z,33760,1,14,0,0,0
2026-03-15T09:26:33.226296Z,33760,1,24,0,1,1
2026-03-15T09:26:34.223448Z,33760,1,45,0,1,0
2026-03-15T09:26:35.231022Z,33760,1,55,0,0,0
2026-03-15T09:26:36.232388Z,33760,1,56,0,0,0
2026-03-15T09:26:37.236060Z,33760,1,46,0,1,1
2026-03-15T09:26:38.236842Z,33760,1,47,0,0,0
2026-03-15T09:26:39.240040Z,33760,1,57,0,0,0
2026-03-15T09:26:40.245295Z,33760,1,78,0,1,1
2026-03-15T09:26:41.246638Z,33760,2,08,0,0,0
2026-03-15T09:26:42.249424Z,33760,2,49,0,0,0
2026-03-15T09:26:43.249625Z,33760,2,99,0,0,0
2026-03-15T09:26:44.253371Z,33760,3,60,0,0,1
2026-03-15T09:26:45.263254Z,33760,4,30,0,0,1
2026-03-15T09:26:46.264436Z,33760,5,09,0,0,1
2026-03-15T09:26:47.266610Z,33760,5,88,0,0,2
2026-03-15T09:26:48.269957Z,33760,6,67,0,0,2
2026-03-15T09:26:49.274180Z,33760,7,46,0,0,2
2026-03-15T09:26:50.280522Z,33760,8,24,1,0,2
2026-03-15T09:26:51.281213Z,33760,8,94,1,0,2
2026-03-15T09:26:52.283237Z,33760,9,52,1,0,2
2026-03-15T09:26:53.286583Z,33760,10,02,1,0,1
2026-03-15T09:26:54.291287Z,33760,10,40,1,0,1
2026-03-15T09:26:55.293592Z,33760,10,69,1,0,0
2026-03-15T09:26:56.299542Z,33760,10,88,1,0,1
2026-03-15T09:26:57.301518Z,33760,10,97,0,0,0
2026-03-15T09:26:58.305898Z,33760,10,95,1,0,1
2026-03-15T09:26:59.314409Z,33760,10,84,1,0,0
2026-03-15T09:27:00.312548Z,33760,10,63,1,0,1
2026-03-15T09:27:01.315421Z,33760,10,32,0,0,0
2026-03-15T09:27:02.318449Z,33760,10,11,0,0,0
2026-03-15T09:27:03.324160Z,33760,10,00,1,0,1
2026-03-15T09:27:04.326053Z,33760,9,79,0,0,0
2026-03-15T09:27:05.329620Z,33760,9,68,1,0,1
2026-03-15T09:27:06.336563Z,33760,9,47,0,0,0
2026-03-15T09:27:07.338974Z,33760,9,35,1,0,1
2026-03-15T09:27:08.338917Z,33760,9,14,0,0,0
2026-03-15T09:27:09.490066Z,33760,8,84,0,0,0
2026-03-15T09:27:10.342756Z,33760,8,42,1,0,1
2026-03-15T09:27:11.348832Z,33760,7,91,1,0,0
2026-03-15T09:27:12.348254Z,33760,7,30,0,0,1
2026-03-15T09:27:13.351253Z,33760,6,59,0,0,1
2026-03-15T09:27:14.353719Z,33760,5,78,0,0,1
2026-03-15T09:27:15.357122Z,33760,4,87,0,0,2
2026-03-15T09:27:16.366131Z,33760,3,85,0,0,2
2026-03-15T09:27:17.368457Z,33760,2,74,0,1,2
2026-03-15T09:27:18.369925Z,33760,1,73,0,1,1
2026-03-15T09:27:19.372348Z,33760,0,82,0,1,1
2026-03-15T09:27:20.378904Z,33760,0,01,0,0,0
2026-03-15T09:27:21.399424Z,33760,-0,70,0,0,0
2026-03-15T09:27:22.385756Z,33760,-1,31,0,0,0
2026-03-15T09:27:23.389362Z,33760,-1,82,0,1,1
2026-03-15T09:27:24.390955Z,33760,-2,24,0,0,0
2026-03-15T09:27:25.388572Z,33760,-2,75,0,0,0
2026-03-15T09:27:26.389549Z,33760,-3,36,0,0,0
2026-03-15T09:27:27.393791Z,33760,-4,07,0,1,1
2026-03-15T09:27:28.394665Z,33760,-4,68,0,0,0
2026-03-15T09:27:29.395774Z,33760,-5,39,0,0,0
2026-03-15T09:27:30.397483Z,33760,-6,20,0,1,1
2026-03-15T09:27:31.402229Z,33760,-6,91,0,0,0
2026-03-15T09:27:32.401679Z,33760,-7,52,0,0,0
2026-03-15T09:27:33.405959Z,33760,-8,04,0,0,0
2026-03-15T09:27:34.410714Z,33760,-8,45,0,1,1
2026-03-15T09:27:35.407427Z,33760,-8,76,0,0,0
2026-03-15T09:27:36.409686Z,33760,-8,97,0,0,0
2026-03-15T09:27:37.411528Z,33760,-9,08,0,0,0
2026-03-15T09:27:38.413450Z,33760,-9,09,0,1,1
2026-03-15T09:27:39.416058Z,33760,-9,00,0,0,0
2026-03-15T09:27:40.429389Z,33760,-9,02,0,0,0
2026-03-15T09:27:41.419884Z,33760,-9,13,0,1,1
2026-03-15T09:27:42.422760Z,33760,-9,14,0,0,0
2026-03-15T09:27:43.425248Z,33760,-9,25,0,0,0
2026-03-15T09:27:44.426358Z,33760,-9,46,0,0,0
2026-03-15T09:27:45.428246Z,33760,-9,77,0,1,1
2026-03-15T09:27:46.431217Z,33760,-9,98,0,0,0
2026-03-15T09:27:47.436668Z,33760,-10,30,0,0,0
2026-03-15T09:27:48.434223Z,33760,-10,70,0,0,0
2026-03-15T09:27:49.436981Z,33760,-11,22,0,1,1
2026-03-15T09:27:50.440843Z,33760,-11,63,0,0,0
2026-03-15T09:27:51.443894Z,33760,-11,94,0,0,0
2026-03-15T09:27:52.445739Z,33760,-12,15,0,1,1
2026-03-15T09:27:53.453435Z,33760,-12,26,0,0,0
2026-03-15T09:27:54.450759Z,33760,-12,27,0,0,0
2026-03-15T09:27:55.456623Z,33760,-12,18,0,0,0
2026-03-15T09:27:56.456168Z,33760,-11,99,0,1,1
2026-03-15T09:27:57.457710Z,33760,-11,70,0,1,0
2026-03-15T09:27:58.459691Z,33760,-11,52,0,0,0
2026-03-15T09:27:59.461647Z,33760,-11,43,0,0,0
2026-03-15T09:28:00.464842Z,33760,-11,44,0,1,1
2026-03-15T09:28:01.472460Z,33760,-11,35,0,0,0
2026-03-15T09:28:02.469772Z,33760,-11,16,0,0,0
2026-03-15T09:28:03.471450Z,33760,-10,88,0,1,1
2026-03-15T09:28:04.475125Z,33760,-10,48,0,1,0
2026-03-15T09:28:05.475046Z,33760,-9,99,0,0,0
2026-03-15T09:28:06.481051Z,33760,-9,41,0,0,0
2026-03-15T09:28:07.481239Z,33760,-8,72,0,1,1
2026-03-15T09:28:08.496610Z,33760,-7,93,0,1,0
2026-03-15T09:28:09.485733Z,33760,-7,04,0,0,0
2026-03-15T09:28:10.588738Z,33760,-6,05,0,0,0
2026-03-15T09:28:11.492987Z,33760,-4,98,0,1,1
2026-03-15T09:28:12.496997Z,33760,-3,81,0,1,0
2026-03-15T09:28:13.501164Z,33760,-2,74,0,0,0
2026-03-15T09:28:14.503808Z,33760,-1,77,0,1,1
2026-03-15T09:28:15.509465Z,33760,-0,70,0,0,0
2026-03-15T09:28:16.512498Z,33760,0,31,0,0,0
2026-03-15T09:28:17.513555Z,33760,1,32,0,0,0
2026-03-15T09:28:18.516860Z,33760,2,33,0,1,1
2026-03-15T09:28:19.521379Z,33760,3,43,0,0,0
2026-03-15T09:28:20.521143Z,33760,4,44,0,0,0
2026-03-15T09:28:21.524502Z,33760,5,35,0,0,0
2026-03-15T09:28:22.529041Z,33760,6,15,0,0,1
2026-03-15T09:28:23.531511Z,33760,6,86,0,0,1
2026-03-15T09:28:24.536729Z,33760,7,47,0,0,1
2026-03-15T09:28:25.537190Z,33760,7,98,1,0,2
2026-03-15T09:28:26.543059Z,33760,8,38,1,0,1
2026-03-15T09:28:27.546309Z,33760,8,69,1,0,1
2026-03-15T09:28:28.548337Z,33760,8,90,0,0,0
2026-03-15T09:28:29.554039Z,33760,9,20,1,0,1
2026-03-15T09:28:30.555784Z,33760,9,41,0,0,0
2026-03-15T09:28:31.557326Z,33760,9,72,1,0,1
2026-03-15T09:28:32.560476Z,33760,9,92,0,0,0
2026-03-15T09:28:33.562439Z,33760,10,23,1,0,1
2026-03-15T09:28:34.565915Z,33760,10,44,1,0,0
2026-03-15T09:28:35.568129Z,33760,10,55,0,0,0
2026-03-15T09:28:36.569964Z,33760,10,55,1,0,1
2026-03-15T09:28:37.572398Z,33760,10,46,0,0,0
2026-03-15T09:28:38.574658Z,33760,10,27,1,0,1
2026-03-15T09:28:39.575930Z,33760,9,98,1,0,0
2026-03-15T09:28:40.581895Z,33760,9,78,1,0,1
2026-03-15T09:28:41.580752Z,33760,9,49,1,0,0
2026-03-15T09:28:42.583446Z,33760,9,30,0,0,0
2026-03-15T09:28:43.588821Z,33760,9,20,1,0,1
2026-03-15T09:28:44.590025Z,33760,9,01,0,0,0
2026-03-15T09:28:45.592838Z,33760,8,91,1,0,1
2026-03-15T09:28:46.594513Z,33760,8,73,0,0,0
2026-03-15T09:28:47.596610Z,33760,8,63,1,0,1
2026-03-15T09:28:48.601794Z,33760,8,44,1,0,0
2026-03-15T09:28:49.609514Z,33760,8,34,0,0,0
2026-03-15T09:28:50.610203Z,33760,8,35,1,0,1
2026-03-15T09:28:51.609646Z,33760,8,26,0,0,0
2026-03-15T09:28:52.612299Z,33760,8,27,1,0,1
2026-03-15T09:28:53.614398Z,33760,8,17,0,0,0
2026-03-15T09:28:54.617947Z,33760,7,98,1,0,1
2026-03-15T09:28:55.619097Z,33760,7,69,0,0,0
2026-03-15T09:28:56.622242Z,33760,7,50,0,0,0
2026-03-15T09:28:57.625118Z,33760,7,40,0,0,1
2026-03-15T09:28:58.626629Z,33760,7,41,0,0,1
2026-03-15T09:28:59.629730Z,33760,7,52,1,0,1
2026-03-15T09:29:00.632237Z,33760,7,52,1,0,1
2026-03-15T09:29:01.634225Z,33760,7,43,1,0,1
2026-03-15T09:29:02.640706Z,33760,7,24,1,0,0
2026-03-15T09:29:03.642117Z,33760,7,14,0,0,0
2026-03-15T09:29:04.645911Z,33760,7,15,0,0,1
2026-03-15T09:29:05.645961Z,33760,7,26,0,0,1
2026-03-15T09:29:06.651756Z,33760,7,46,0,0,1
2026-03-15T09:29:07.649748Z,33760,7,77,1,0,2
2026-03-15T09:29:08.654366Z,33760,7,98,1,0,1
2026-03-15T09:29:09.655394Z,33760,8,09,1,0,1
2026-03-15T09:29:10.657763Z,33760,8,09,0,0,0
2026-03-15T09:29:11.659951Z,33760,8,00,1,0,1
2026-03-15T09:29:12.665240Z,33760,7,81,0,0,0
2026-03-15T09:29:13.667953Z,33760,7,71,1,0,1
2026-03-15T09:29:14.670187Z,33760,7,52,0,0,0
2026-03-15T09:29:15.676847Z,33760,7,43,0,0,1
2026-03-15T09:29:16.678170Z,33760,7,44,0,0,1
2026-03-15T09:29:17.688319Z,33760,7,54,1,0,1
2026-03-15T09:29:18.683026Z,33760,7,55,1,0,1
2026-03-15T09:29:19.685859Z,33760,7,46,0,0,0
2026-03-15T09:29:20.688020Z,33760,7,46,0,0,1
2026-03-15T09:29:21.690151Z,33760,7,57,1,0,1
2026-03-15T09:29:22.694203Z,33760,7,58,1,0,1
2026-03-15T09:29:23.694607Z,33760,7,48,0,0,0
2026-03-15T09:29:24.697630Z,33760,7,29,0,0,0
2026-03-15T09:29:25.702265Z,33760,7,00,0,0,1
2026-03-15T09:29:26.703924Z,33760,6,61,0,0,1
2026-03-15T09:29:27.707537Z,33760,6,11,0,0,1
2026-03-15T09:29:28.710914Z,33760,5,52,0,0,2
2026-03-15T09:29:29.710492Z,33760,4,83,0,0,2
2026-03-15T09:29:30.711891Z,33760,4,04,0,0,2
2026-03-15T09:29:31.713606Z,33760,3,26,0,0,3
2026-03-15T09:29:32.716197Z,33760,2,47,0,1,3
2026-03-15T09:29:33.722362Z,33760,1,79,0,1,2
2026-03-15T09:29:34.718796Z,33760,1,20,0,1,1
2026-03-15T09:29:35.725409Z,33760,0,71,0,1,0
2026-03-15T09:29:41.424709Z,33760,0,13,0,1,1
2026-03-15T09:29:41.491479Z,33760,-0,56,0,1,1
2026-03-15T09:29:41.493085Z,33760,-1,34,0,1,2
2026-03-15T09:29:41.493394Z,33760,-2,23,0,1,2
2026-03-15T09:29:41.493647Z,33760,-3,21,0,1,2
2026-03-15T09:29:41.739730Z,33760,-4,10,0,1,1
2026-03-15T09:29:42.749239Z,33760,-4,89,0,1,0
2026-03-15T09:29:43.746396Z,33760,-5,77,0,1,1
2026-03-15T09:29:44.748759Z,33760,-6,56,0,1,0
2026-03-15T09:29:45.753458Z,33760,-7,45,0,0,0
2026-03-15T09:29:46.762051Z,33760,-8,43,0,0,0
2026-03-15T09:29:47.762646Z,33760,-9,41,0,1,1
2026-03-15T09:29:48.768723Z,33760,-10,30,0,1,0
2026-03-15T09:29:49.772634Z,33760,-11,09,0,0,0
2026-03-15T09:29:50.776240Z,33760,-11,78,0,1,1
2026-03-15T09:29:51.782036Z,33760,-12,37,0,1,0
2026-03-15T09:29:52.784699Z,33760,-12,85,0,0,0
2026-03-15T09:29:53.789391Z,33760,-13,24,0,0,0
2026-03-15T09:29:54.795144Z,33760,-13,53,0,1,1
2026-03-15T09:29:55.799369Z,33760,-13,72,0,0,0
2026-03-15T09:29:56.805295Z,33760,-13,80,0,0,0
2026-03-15T09:29:57.803896Z,33760,-13,79,0,0,0
2026-03-15T09:29:58.807776Z,33760,-13,68,0,1,1
2026-03-15T09:29:59.810848Z,33760,-13,47,0,0,0
2026-03-15T09:30:00.828960Z,33760,-13,35,0,0,0
2026-03-15T09:30:01.822229Z,33760,-13,34,0,1,1
2026-03-15T09:30:02.824162Z,33760,-13,23,0,0,0
2026-03-15T09:30:03.822409Z,33760,-13,22,0,0,0
2026-03-15T09:30:04.825681Z,33760,-13,30,0,0,0
2026-03-15T09:30:05.828672Z,33760,-13,49,0,1,1
2026-03-15T09:30:06.877079Z,33760,-13,58,0,1,0
2026-03-15T09:30:07.836381Z,33760,-13,57,0,0,0
2026-03-15T09:30:08.841385Z,33760,-13,45,0,0,0
2026-03-15T09:30:09.846903Z,33760,-13,24,0,1,1
2026-03-15T09:30:10.848138Z,33760,-12,93,0,0,0
2026-03-15T09:30:11.853523Z,33760,-12,72,0,0,0
2026-03-15T09:30:12.857198Z,33760,-12,61,0,1,1
2026-03-15T09:30:13.860469Z,33760,-12,39,0,0,0
2026-03-15T09:30:14.861122Z,33760,-12,28,0,0,0
2026-03-15T09:30:15.865650Z,33760,-12,27,0,0,0
2026-03-15T09:30:16.868787Z,33760,-12,36,0,1,1
2026-03-15T09:30:17.871958Z,33760,-12,34,0,0,0
2026-03-15T09:30:18.875896Z,33760,-12,43,0,0,0
2026-03-15T09:30:19.881368Z,33760,-12,62,0,0,0
2026-03-15T09:30:20.884794Z,33760,-12,91,0,1,1
2026-03-15T09:30:21.888546Z,33760,-13,09,0,0,0
2026-03-15T09:30:22.893618Z,33760,-13,18,0,0,0
2026-03-15T09:30:23.897931Z,33760,-13,17,0,1,1
2026-03-15T09:30:24.897894Z,33760,-13,05,0,0,0
2026-03-15T09:30:25.901533Z,33760,-13,05,0,0,0
2026-03-15T09:30:26.905242Z,33760,-13,13,0,0,0
2026-03-15T09:30:27.906719Z,33760,-13,32,0,1,1
2026-03-15T09:30:28.911664Z,33760,-13,41,0,0,0
2026-03-15T09:30:29.911651Z,33760,-13,59,0,0,0
2026-03-15T09:30:30.915855Z,33760,-13,88,0,0,0
2026-03-15T09:30:31.918109Z,33760,-14,27,0,1,1
2026-03-15T09:30:32.921638Z,33760,-14,55,0,0,0
2026-03-15T09:30:33.924Z,33760,-14,95,0,0,0
2026-03-15T09:30:34.930326Z,33760,-15,43,0,1,1
2026-03-15T09:30:35.935678Z,33760,-15,82,0,1,0
2026-03-15T09:30:36.934844Z,33760,-16,31,0,0,0
2026-03-15T09:30:37.939044Z,33760,-16,89,0,0,0
2026-03-15T09:30:38.939135Z,33760,-17,58,0,1,1
2026-03-15T09:30:39.941189Z,33760,-18,17,0,1,0
2026-03-15T09:30:40.944626Z,33760,-18,66,0,0,0
2026-03-15T09:30:41.947579Z,33760,-19,05,0,0,0
2026-03-15T09:30:42.948566Z,33760,-19,33,0,1,1
2026-03-15T09:30:43.952737Z,33760,-19,52,0,0,0
2026-03-15T09:30:44.958776Z,33760,-19,81,0,0,0
2026-03-15T09:30:45.961376Z,33760,-20,00,0,1,1
2026-03-15T09:30:46.965337Z,33760,-20,00,0,1,0
2026-03-15T09:30:47.971934Z,33760,-20,00,0,0,0
2026-03-15T09:30:48.971949Z,33760,-20,00,0,0,0
2026-03-15T09:30:49.979875Z,33760,-19,98,0,1,1
2026-03-15T09:30:50.987930Z,33760,-19,88,0,1,0
2026-03-15T09:30:51.991271Z,33760,-19,66,0,0,0
2026-03-15T09:30:52.994182Z,33760,-19,34,0,0,0
2026-03-15T09:30:53.996929Z,33760,-18,94,0,1,1
2026-03-15T09:30:55.000266Z,33760,-18,42,0,0,0
2026-03-15T09:30:56.011859Z,33760,-17,81,0,0,0
2026-03-15T09:30:57.007622Z,33760,-17,09,0,1,1
2026-03-15T09:30:58.009693Z,33760,-16,28,0,0,0
2026-03-15T09:30:59.011410Z,33760,-15,38,0,0,0
2026-03-15T09:31:00.014062Z,33760,-14,36,0,0,0
2026-03-15T09:31:01.017194Z,33760,-13,25,0,1,1
2026-03-15T09:31:02.020129Z,33760,-12,04,0,0,0
2026-03-15T09:31:03.022812Z,33760,-10,92,0,0,0
2026-03-15T09:31:04.026618Z,33760,-9,91,0,0,0
2026-03-15T09:31:05.028300Z,33760,-9,00,0,1,1
2026-03-15T09:31:06.031050Z,33760,-7,99,0,1,0
2026-03-15T09:31:07.034186Z,33760,-7,07,0,0,0
2026-03-15T09:31:08.038551Z,33760,-6,26,0,1,1
2026-03-15T09:31:09.038241Z,33760,-5,35,0,1,0
2026-03-15T09:31:10.043605Z,33760,-4,54,0,0,0
2026-03-15T09:31:11.045729Z,33760,-3,83,0,0,0
2026-03-15T09:31:12.046771Z,33760,-3,21,0,1,1
2026-03-15T09:31:13.052322Z,33760,-2,50,0,1,0
2026-03-15T09:31:14.052086Z,33760,-1,89,0,0,0
2026-03-15T09:31:15.052952Z,33760,-1,38,0,0,0
2026-03-15T09:31:16.058479Z,33760,-0,96,0,1,1
2026-03-15T09:31:17.057487Z,33760,-0,45,0,0,0
2026-03-15T09:31:18.058870Z,33760,-0,04,0,0,0
2026-03-15T09:31:19.060194Z,33760,0,27,0,1,1
2026-03-15T09:31:20.072148Z,33760,0,69,0,1,0
2026-03-15T09:31:21.072258Z,33760,1,20,0,0,0
2026-03-15T09:31:22.074820Z,33760,1,81,0,0,0
2026-03-15T09:31:23.077815Z,33760,2,52,0,1,1
2026-03-15T09:31:24.078571Z,33760,3,34,0,0,0
2026-03-15T09:31:25.080059Z,33760,4,05,0,0,0
2026-03-15T09:31:26.086785Z,33760,4,77,0,0,0
2026-03-15T09:31:27.088430Z,33760,5,48,0,0,1
2026-03-15T09:31:28.090636Z,33760,6,20,0,0,1
2026-03-15T09:31:29.108513Z,33760,6,92,0,0,1
2026-03-15T09:31:30.097582Z,33760,7,63,1,0,2
2026-03-15T09:31:31.100274Z,33760,8,25,1,0,1
2026-03-15T09:31:32.104971Z,33760,8,77,1,0,1
2026-03-15T09:31:33.105252Z,33760,9,18,1,0,0
2026-03-15T09:31:34.110141Z,33760,9,50,1,0,1
2026-03-15T09:31:35.185557Z,33760,9,71,1,0,0
2026-03-15T09:31:36.122984Z,33760,9,83,1,0,1
2026-03-15T09:31:37.120132Z,33760,9,84,1,0,0
2026-03-15T09:31:38.210360Z,33760,9,96,1,0,1
2026-03-15T09:31:39.180Z,33760,9,98,0,0,0
2026-03-15T09:31:40.201957Z,33760,10,09,0,0,0
2026-03-15T09:31:41.129660Z,33760,10,31,1,0,1
2026-03-15T09:31:42.133933Z,33760,10,42,1,0,0
2026-03-15T09:31:43.137401Z,33760,10,64,1,0,1
2026-03-15T09:31:44.140829Z,33760,10,76,1,0,0
2026-03-15T09:31:45.228006Z,33760,10,98,1,0,1
2026-03-15T09:31:46.244067Z,33760,11,09,0,0,0
2026-03-15T09:31:47.269534Z,33760,11,11,0,0,0
2026-03-15T09:31:48.308060Z,33760,11,02,1,0,1
2026-03-15T09:31:49.236825Z,33760,10,84,0,0,0
2026-03-15T09:31:50.156254Z,33760,10,76,1,0,1
2026-03-15T09:31:51.262564Z,33760,10,57,1,0,0
2026-03-15T09:31:52.285074Z,33760,10,48,1,0,1
2026-03-15T09:31:53.312802Z,33760,10,30,1,0,0
2026-03-15T09:31:54.236940Z,33760,10,02,0,0,0
2026-03-15T09:31:55.253287Z,33760,9,63,1,0,1
2026-03-15T09:31:56.202875Z,33760,9,15,1,0,0
2026-03-15T09:31:57.179102Z,33760,8,57,1,0,1
2026-03-15T09:31:58.325271Z,33760,7,88,1,0,0
2026-03-15T09:31:59.246975Z,33760,7,30,0,0,1
2026-03-15T09:32:00.274883Z,33760,6,82,0,0,1
2026-03-15T09:32:01.309541Z,33760,6,43,0,0,1
2026-03-15T09:32:02.318775Z,33760,6,15,0,0,1
2026-03-15T09:32:03.240430Z,33760,5,96,0,0,2
2026-03-15T09:32:04.267250Z,33760,5,88,0,0,2
2026-03-15T09:32:05.289726Z,33760,5,89,0,0,2
2026-03-15T09:32:06.318110Z,33760,6,01,0,0,3
2026-03-15T09:32:07.343514Z,33760,6,23,0,0,3
2026-03-15T09:32:08.361746Z,33760,6,54,0,0,3
2026-03-15T09:32:09.283450Z,33760,6,96,0,0,4
2026-03-15T09:32:10.314658Z,33760,7,48,0,0,4
2026-03-15T09:32:11.331806Z,33760,8,09,1,0,4
2026-03-15T09:32:12.223173Z,33760,8,61,1,0,4
2026-03-15T09:32:13.277115Z,33760,9,02,1,0,3
2026-03-15T09:32:14.306778Z,33760,9,34,1,0,3
2026-03-15T09:32:15.336229Z,33760,9,55,1,0,3
2026-03-15T09:32:16.236749Z,33760,9,67,1,0,2
2026-03-15T09:32:17.382896Z,33760,9,69,1,0,2
2026-03-15T09:32:18.400929Z,33760,9,60,1,0,1
2026-03-15T09:32:19.317448Z,33760,9,42,1,0,1
2026-03-15T09:32:20.343060Z,33760,9,13,1,0,1
2026-03-15T09:32:21.374024Z,33760,8,75,1,0,0
2026-03-15T09:32:22.389305Z,33760,8,47,0,0,0
2026-03-15T09:32:23.311182Z,33760,8,28,1,0,1
2026-03-15T09:32:24.344124Z,33760,8,00,1,0,0
2026-03-15T09:32:25.272808Z,33760,7,62,1,0,1
2026-03-15T09:32:26.383029Z,33760,7,13,1,0,0
2026-03-15T09:32:27.407181Z,33760,6,55,0,0,1
2026-03-15T09:32:28.330202Z,33760,5,86,0,0,1
2026-03-15T09:32:29.456695Z,33760,5,08,0,0,1
2026-03-15T09:32:30.378210Z,33760,4,20,0,0,1
2026-03-15T09:32:31.402311Z,33760,3,21,0,0,2
2026-03-15T09:32:32.427717Z,33760,2,13,0,1,2
2026-03-15T09:32:33.346121Z,33760,1,14,0,1,1
2026-03-15T09:32:34.290678Z,33760,0,26,0,0,0
2026-03-15T09:32:35.498308Z,33760,-0,52,0,1,1
2026-03-15T09:32:36.418328Z,33760,-1,21,0,1,0
2026-03-15T09:32:37.442462Z,33760,-1,99,0,0,0
2026-03-15T09:32:38.363985Z,33760,-2,88,0,1,1
2026-03-15T09:32:39.306895Z,33760,-3,66,0,0,0
2026-03-15T09:32:40.310532Z,33760,-4,54,0,0,0
2026-03-15T09:32:41.312598Z,33760,-5,53,0,0,0
2026-03-15T09:32:42.316526Z,33760,-6,54,0,1,1
2026-03-15T09:32:43.381558Z,33760,-7,46,0,1,0
2026-03-15T09:32:44.508466Z,33760,-8,27,0,0,0
2026-03-15T09:32:45.394474Z,33760,-8,98,0,0,0
2026-03-15T09:32:46.327718Z,33760,-9,60,0,1,1
2026-03-15T09:32:47.374981Z,33760,-10,12,0,1,0
2026-03-15T09:32:48.399199Z,33760,-10,73,0,0,0
2026-03-15T09:32:49.424646Z,33760,-11,45,0,1,1
2026-03-15T09:32:50.447286Z,33760,-12,06,0,1,0
2026-03-15T09:32:51.471415Z,33760,-12,58,0,0,0
2026-03-15T09:32:52.495641Z,33760,-12,99,0,0,0
2026-03-15T09:32:53.420004Z,33760,-13,31,0,1,1
2026-03-15T09:32:54.440951Z,33760,-13,52,0,1,0
2026-03-15T09:32:55.464795Z,33760,-13,84,0,0,0
2026-03-15T09:32:56.488883Z,33760,-14,26,0,0,0
2026-03-15T09:32:57.416135Z,33760,-14,77,0,1,1
2026-03-15T09:32:58.536755Z,33760,-15,19,0,1,0
2026-03-15T09:32:59.663312Z,33760,-15,70,0,0,0
2026-03-15T09:33:00.504392Z,33760,-16,31,0,1,1
2026-03-15T09:33:01.372929Z,33760,-16,83,0,1,0
2026-03-15T09:33:02.429021Z,33760,-17,25,0,0,0
2026-03-15T09:33:03.452162Z,33760,-17,56,0,0,0
2026-03-15T09:33:04.476147Z,33760,-17,78,0,1,1
2026-03-15T09:33:05.510960Z,33760,-17,89,0,1,0
2026-03-15T09:33:06.425327Z,33760,-17,91,0,0,0
2026-03-15T09:33:07.446934Z,33760,-17,83,0,0,0
2026-03-15T09:33:08.476623Z,33760,-17,64,0,1,1
2026-03-15T09:33:09.504906Z,33760,-17,36,0,1,0
2026-03-15T09:33:10.527863Z,33760,-17,17,0,0,0
2026-03-15T09:33:11.545857Z,33760,-17,08,0,1,1
2026-03-15T09:33:12.410222Z,33760,-16,89,0,1,0
2026-03-15T09:33:13.591181Z,33760,-16,61,0,0,0
2026-03-15T09:33:14.616634Z,33760,-16,23,0,0,0
2026-03-15T09:33:15.534749Z,33760,-15,74,0,1,1
2026-03-15T09:33:16.559546Z,33760,-15,16,0,1,0
2026-03-15T09:33:17.423858Z,33760,-14,67,0,0,0
2026-03-15T09:33:18.427749Z,33760,-14,29,0,0,0
2026-03-15T09:33:19.434228Z,33760,-14,00,0,1,1
2026-03-15T09:33:20.439102Z,33760,-13,62,0,1,0
2026-03-15T09:33:21.592596Z,33760,-13,34,0,0,0
2026-03-15T09:33:22.505543Z,33760,-13,15,0,1,1
2026-03-15T09:33:23.534021Z,33760,-12,87,0,1,0
2026-03-15T09:33:24.499527Z,33760,-12,48,0,0,0
2026-03-15T09:33:25.570366Z,33760,-11,99,0,0,0
2026-03-15T09:33:26.464618Z,33760,-11,41,0,1,1
2026-03-15T09:33:27.467035Z,33760,-10,73,0,1,0
2026-03-15T09:33:28.540251Z,33760,-10,14,0,0,0
2026-03-15T09:33:29.564246Z,33760,-9,66,0,0,0
2026-03-15T09:33:30.587970Z,33760,-9,27,0,1,1
2026-03-15T09:33:31.513837Z,33760,-8,79,0,1,0
2026-03-15T09:33:32.544776Z,33760,-8,20,0,0,0
2026-03-15T09:33:33.628220Z,33760,-7,52,0,1,1
2026-03-15T09:33:34.585979Z,33760,-6,73,0,1,0
2026-03-15T09:33:35.605605Z,33760,-5,85,0,0,0
2026-03-15T09:33:36.629686Z,33760,-4,86,0,0,0
2026-03-15T09:33:37.551348Z,33760,-3,86,0,1,1
2026-03-15T09:33:38.575287Z,33760,-2,75,0,1,0
2026-03-15T09:33:39.599136Z,33760,-1,74,0,0,0
2026-03-15T09:33:40.623550Z,33760,-0,83,0,0,0
2026-03-15T09:33:41.515654Z,33760,0,05,0,1,1
2026-03-15T09:33:42.671161Z,33760,1,04,0,1,0
2026-03-15T09:33:43.510238Z,33760,2,13,0,0,0
2026-03-15T09:33:44.537156Z,33760,3,27,0,0,1
2026-03-15T09:33:45.640236Z,33760,4,41,0,0,1
2026-03-15T09:33:46.526534Z,33760,5,55,0,0,1
2026-03-15T09:33:47.586358Z,33760,6,70,0,0,1
2026-03-15T09:33:48.621412Z,33760,7,84,1,0,2
2026-03-15T09:33:49.532188Z,33760,8,88,1,0,1
2026-03-15T09:33:50.566601Z,33760,9,82,1,0,1
2026-03-15T09:33:51.696651Z,33760,10,66,1,0,1
2026-03-15T09:33:52.607093Z,33760,11,40,1,0,0
2026-03-15T09:33:53.557815Z,33760,12,05,0,0,0
2026-03-15T09:33:54.550450Z,33760,12,59,1,0,1
2026-03-15T09:33:55.679249Z,33760,13,02,0,0,0
2026-03-15T09:33:56.552255Z,33760,13,57,1,0,1
2026-03-15T09:33:57.553625Z,33760,14,01,1,0,0
2026-03-15T09:33:58.555608Z,33760,14,35,1,0,1
2026-03-15T09:33:59.657239Z,33760,14,59,1,0,0
2026-03-15T10:04:25.029664Z,28320,4,90,0,0,100
2026-03-15T10:04:26.165214Z,28320,4,70,0,0,100
2026-03-15T10:04:27.086406Z,28320,4,40,0,0,100
2026-03-15T10:04:28.110445Z,28320,4,00,0,0,100
2026-03-15T10:04:29.239369Z,28320,3,50,0,0,100
2026-03-15T10:04:30.028760Z,28320,2,90,0,1,100
2026-03-15T10:04:31.181898Z,28320,2,40,0,1,99
2026-03-15T10:04:32.107804Z,28320,2,00,0,2,98
2026-03-15T10:04:33.129020Z,28320,1,80,0,2,96
2026-03-15T10:04:34.040003Z,28320,1,80,0,2,95
2026-03-15T10:04:35.177304Z,28320,2,00,0,2,93
2026-03-15T10:04:36.216103Z,28320,2,40,0,1,92
2026-03-15T10:04:37.326301Z,28320,2,90,0,1,91
2026-03-15T10:04:38.142672Z,28320,3,50,0,1,90
2026-03-15T10:04:39.172335Z,28320,4,20,0,0,89
2026-03-15T10:04:40.096504Z,28320,4,80,0,0,89
2026-03-15T10:04:41.114274Z,28320,5,30,0,0,90
2026-03-15T10:04:42.136444Z,28320,5,70,0,0,90
2026-03-15T10:04:43.061662Z,28320,6,00,0,0,90
2026-03-15T10:04:44.186672Z,28320,6,20,0,0,91
2026-03-15T10:04:45.109787Z,28320,6,30,0,0,91
2026-03-15T10:04:46.131596Z,28320,6,30,0,0,91
2026-03-15T10:04:47.095995Z,28320,6,20,0,0,92
